Date,NAV
13-10-2024,10.04350
11-10-2024,10.03980
10-10-2024,10.03790
09-10-2024,10.03600
08-10-2024,10.03400
07-10-2024,10.03240
06-10-2024,10.03050
04-10-2024,10.02690
03-10-2024,10.02480
02-10-2024,10.02290
01-10-2024,10.02100
30-09-2024,10.01890
29-09-2024,10.01640
27-09-2024,10.06460
26-09-2024,10.06270
25-09-2024,10.06100
24-09-2024,10.05920
23-09-2024,10.05720
22-09-2024,10.05540
20-09-2024,10.05160
19-09-2024,10.04960
18-09-2024,10.04730
17-09-2024,10.04540
16-09-2024,10.04350
15-09-2024,10.04150
13-09-2024,10.03770
12-09-2024,10.03590
11-09-2024,10.03420
10-09-2024,10.03230
09-09-2024,10.03060
08-09-2024,10.02870
05-09-2024,10.02320
04-09-2024,10.02180
03-09-2024,10.02010
02-09-2024,10.01830
01-09-2024,10.01640
30-08-2024,10.07760
29-08-2024,10.07570
28-08-2024,10.07410
27-08-2024,10.07230
26-08-2024,10.07040
25-08-2024,10.06860
23-08-2024,10.06490
22-08-2024,10.06310
21-08-2024,10.06120
20-08-2024,10.05960
19-08-2024,10.05760
18-08-2024,10.05590
16-08-2024,10.05210
15-08-2024,10.05010
13-08-2024,10.04620
12-08-2024,10.04400
11-08-2024,10.04220
09-08-2024,10.03850
08-08-2024,10.03660
07-08-2024,10.03470
06-08-2024,10.03280
05-08-2024,10.03110
04-08-2024,10.02900
02-08-2024,10.02530
01-08-2024,10.02360
31-07-2024,10.02180
30-07-2024,10.02010
29-07-2024,10.01800
28-07-2024,10.01630
26-07-2024,10.06430
25-07-2024,10.06230
24-07-2024,10.06050
23-07-2024,10.05850
22-07-2024,10.05680
21-07-2024,10.05490
19-07-2024,10.05120
18-07-2024,10.04940
17-07-2024,10.04730
15-07-2024,10.04380
14-07-2024,10.04150
12-07-2024,10.03780
11-07-2024,10.03580
10-07-2024,10.03360
09-07-2024,10.03160
08-07-2024,10.02960
07-07-2024,10.02810
05-07-2024,10.02420
04-07-2024,10.02260
03-07-2024,10.02120
02-07-2024,10.01920
01-07-2024,10.01730
30-06-2024,10.01630
28-06-2024,10.06360
27-06-2024,10.06120
26-06-2024,10.05950
25-06-2024,10.05800
24-06-2024,10.05630
23-06-2024,10.05460
21-06-2024,10.05090
20-06-2024,10.04910
19-06-2024,10.04720
18-06-2024,10.04520
17-06-2024,10.04360
14-06-2024,10.03810
13-06-2024,10.03630
12-06-2024,10.03450
11-06-2024,10.03270
10-06-2024,10.03070
09-06-2024,10.02890
06-06-2024,10.02340
05-06-2024,10.02150
04-06-2024,10.01980
03-06-2024,10.01800
02-06-2024,10.01610
31-05-2024,10.07670
30-05-2024,10.07510
29-05-2024,10.07320
28-05-2024,10.07140
27-05-2024,10.06960
26-05-2024,10.06770
24-05-2024,10.06400
23-05-2024,10.06200
22-05-2024,10.06020
21-05-2024,10.05830
20-05-2024,10.05580
17-05-2024,10.05020
16-05-2024,10.04820
15-05-2024,10.04630
14-05-2024,10.04410
13-05-2024,10.04210
12-05-2024,10.04010
10-05-2024,10.03640
09-05-2024,10.03480
08-05-2024,10.03330
07-05-2024,10.03200
06-05-2024,10.03060
05-05-2024,10.02910
02-05-2024,10.02330
01-05-2024,10.02130
30-04-2024,10.01940
29-04-2024,10.01790
28-04-2024,10.01630
26-04-2024,10.06710
25-04-2024,10.06570
24-04-2024,10.06480
23-04-2024,10.06320
22-04-2024,10.06140
21-04-2024,10.05960
19-04-2024,10.05600
18-04-2024,10.05450
17-04-2024,10.05270
16-04-2024,10.05100
15-04-2024,10.04910
14-04-2024,10.04690
12-04-2024,10.04330
11-04-2024,10.04150
10-04-2024,10.03970
09-04-2024,10.03690
08-04-2024,10.03510
07-04-2024,10.03240
05-04-2024,10.02880
04-04-2024,10.02680
03-04-2024,10.02500
02-04-2024,10.02320
01-04-2024,10.01980
31-03-2024,10.01810
28-03-2024,10.07930
27-03-2024,10.07360
26-03-2024,10.07220
25-03-2024,10.07080
22-03-2024,10.06500
21-03-2024,10.06340
20-03-2024,10.06190
19-03-2024,10.06030
18-03-2024,10.05870
17-03-2024,10.05700
15-03-2024,10.05330
14-03-2024,10.05150
13-03-2024,10.04980
12-03-2024,10.04800
11-03-2024,10.04580
10-03-2024,10.04380
07-03-2024,10.03810
06-03-2024,10.03630
05-03-2024,10.03460
04-03-2024,10.03270
03-03-2024,10.03070
01-03-2024,10.02710
29-02-2024,10.02520
28-02-2024,10.02220
27-02-2024,10.02020
26-02-2024,10.01840
25-02-2024,10.01650
23-02-2024,10.06500
22-02-2024,10.06350
21-02-2024,10.06120
20-02-2024,10.05920
19-02-2024,10.05720
16-02-2024,10.05180
15-02-2024,10.05020
14-02-2024,10.04820
13-02-2024,10.04640
12-02-2024,10.04460
11-02-2024,10.04300
08-02-2024,10.03810
07-02-2024,10.03630
06-02-2024,10.03460
05-02-2024,10.03290
04-02-2024,10.03100
01-02-2024,10.02550
31-01-2024,10.02370
30-01-2024,10.02180
29-01-2024,10.02010
28-01-2024,10.01810
25-01-2024,10.06120
24-01-2024,10.06010
23-01-2024,10.05850
22-01-2024,10.05690
19-01-2024,10.05150
18-01-2024,10.04970
17-01-2024,10.04790
16-01-2024,10.04600
15-01-2024,10.04420
14-01-2024,10.04250
12-01-2024,10.03880
11-01-2024,10.03690
10-01-2024,10.03520
09-01-2024,10.03330
08-01-2024,10.03130
07-01-2024,10.02940
05-01-2024,10.02570
04-01-2024,10.02410
03-01-2024,10.02220
02-01-2024,10.02030
01-01-2024,10.01820
31-12-2023,10.01630
29-12-2023,10.07740
28-12-2023,10.07480
27-12-2023,10.07260
26-12-2023,10.07080
25-12-2023,10.06920
22-12-2023,10.06370
21-12-2023,10.06180
20-12-2023,10.06000
19-12-2023,10.05810
18-12-2023,10.05650
17-12-2023,10.05480
15-12-2023,10.05110
14-12-2023,10.04920
13-12-2023,10.04720
12-12-2023,10.04530
11-12-2023,10.04370
10-12-2023,10.04190
08-12-2023,10.03820
07-12-2023,10.03650
06-12-2023,10.03450
05-12-2023,10.03270
04-12-2023,10.03080
03-12-2023,10.02890
01-12-2023,10.02520
30-11-2023,10.02350
29-11-2023,10.02170
28-11-2023,10.01990
27-11-2023,10.01810
24-11-2023,10.06450
23-11-2023,10.06240
22-11-2023,10.06060
21-11-2023,10.05880
20-11-2023,10.05690
19-11-2023,10.05500
16-11-2023,10.04940
15-11-2023,10.04760
14-11-2023,10.04570
12-11-2023,10.04190
09-11-2023,10.03630
08-11-2023,10.03460
07-11-2023,10.03290
06-11-2023,10.03110
05-11-2023,10.02920
03-11-2023,10.02560
02-11-2023,10.02370
01-11-2023,10.02190
31-10-2023,10.02010
30-10-2023,10.01820
29-10-2023,10.01630
27-10-2023,10.06270
26-10-2023,10.06090
25-10-2023,10.05910
24-10-2023,10.05710
22-10-2023,10.05380
20-10-2023,10.05010
19-10-2023,10.04850
18-10-2023,10.04690
17-10-2023,10.04490
16-10-2023,10.04310
15-10-2023,10.04120
13-10-2023,10.03750
12-10-2023,10.03610
11-10-2023,10.03430
10-10-2023,10.03250
09-10-2023,10.03070
08-10-2023,10.02890
06-10-2023,10.02520
05-10-2023,10.02340
04-10-2023,10.02150
03-10-2023,10.01960
02-10-2023,10.01810
29-09-2023,10.07550
28-09-2023,10.07320
27-09-2023,10.07140
26-09-2023,10.06940
25-09-2023,10.06790
24-09-2023,10.06630
21-09-2023,10.06070
20-09-2023,10.05850
19-09-2023,10.05670
18-09-2023,10.05490
17-09-2023,10.05320
15-09-2023,10.04960
14-09-2023,10.04780
13-09-2023,10.04550
12-09-2023,10.04360
11-09-2023,10.04220
10-09-2023,10.04050
08-09-2023,10.03680
07-09-2023,10.03520
06-09-2023,10.03370
05-09-2023,10.03190
04-09-2023,10.03030
03-09-2023,10.02860
01-09-2023,10.02510
31-08-2023,10.02330
30-08-2023,10.02160
29-08-2023,10.01970
28-08-2023,10.01800
27-08-2023,10.01620
24-08-2023,10.06060
23-08-2023,10.05860
22-08-2023,10.05690
21-08-2023,10.05510
20-08-2023,10.05340
18-08-2023,10.04970
17-08-2023,10.04760
16-08-2023,10.04620
14-08-2023,10.04260
13-08-2023,10.04100
10-08-2023,10.03540
09-08-2023,10.03390
08-08-2023,10.03210
07-08-2023,10.03050
06-08-2023,10.02900
04-08-2023,10.02550
03-08-2023,10.02370
02-08-2023,10.02180
01-08-2023,10.01980
31-07-2023,10.01800
30-07-2023,10.01620
28-07-2023,10.06430
27-07-2023,10.06270
26-07-2023,10.06090
25-07-2023,10.05890
24-07-2023,10.05730
23-07-2023,10.05540
21-07-2023,10.05190
20-07-2023,10.05020
19-07-2023,10.04850
18-07-2023,10.04650
17-07-2023,10.04470
16-07-2023,10.04290
14-07-2023,10.03940
13-07-2023,10.03760
12-07-2023,10.03560
11-07-2023,10.03360
10-07-2023,10.03180
09-07-2023,10.02990
07-07-2023,10.02640
06-07-2023,10.02480
05-07-2023,10.02270
04-07-2023,10.02110
03-07-2023,10.01900
02-07-2023,10.01640
30-06-2023,10.07560
29-06-2023,10.07370
28-06-2023,10.07180
27-06-2023,10.06970
26-06-2023,10.06810
25-06-2023,10.06670
23-06-2023,10.06300
22-06-2023,10.06130
21-06-2023,10.05940
20-06-2023,10.05730
19-06-2023,10.05520
18-06-2023,10.05350
16-06-2023,10.04980
15-06-2023,10.04810
14-06-2023,10.04590
13-06-2023,10.04410
12-06-2023,10.04240
11-06-2023,10.04050
09-06-2023,10.03680
08-06-2023,10.03550
07-06-2023,10.03380
06-06-2023,10.03220
05-06-2023,10.03050
04-06-2023,10.02870
02-06-2023,10.02540
01-06-2023,10.02340
31-05-2023,10.02130
30-05-2023,10.01910
29-05-2023,10.01710
28-05-2023,10.01620
26-05-2023,10.18060
25-05-2023,10.17840
24-05-2023,10.17660
23-05-2023,10.17510
22-05-2023,10.17360
21-05-2023,10.17100
19-05-2023,10.16740
18-05-2023,10.16520
17-05-2023,10.16310
16-05-2023,10.16100
15-05-2023,10.15890
14-05-2023,10.15720
12-05-2023,10.15340
11-05-2023,10.15170
10-05-2023,10.14980
09-05-2023,10.14740
08-05-2023,10.14550
07-05-2023,10.14360
04-05-2023,10.13790
03-05-2023,10.02180
02-05-2023,10.02030
01-05-2023,10.01860
28-04-2023,10.06670
27-04-2023,10.06460
26-04-2023,10.06290
25-04-2023,10.06120
24-04-2023,10.05970
23-04-2023,10.05750
21-04-2023,10.05380
20-04-2023,10.05240
19-04-2023,10.05070
18-04-2023,10.04930
17-04-2023,10.04750
16-04-2023,10.04570
13-04-2023,10.04030
12-04-2023,10.03830
11-04-2023,10.03640
10-04-2023,10.03460
09-04-2023,10.09940
06-04-2023,10.09410
05-04-2023,10.09110
04-04-2023,10.08940
03-04-2023,10.08760
02-04-2023,10.08480
31-03-2023,10.08100
30-03-2023,10.07670
29-03-2023,10.07450
28-03-2023,10.06940
27-03-2023,10.06980
26-03-2023,10.06890
24-03-2023,10.06510
23-03-2023,10.06350
22-03-2023,10.06180
21-03-2023,10.05990
20-03-2023,10.05710
19-03-2023,10.05520
17-03-2023,10.05140
16-03-2023,10.04970
15-03-2023,10.04810
14-03-2023,10.04670
13-03-2023,10.04500
12-03-2023,10.04230
10-03-2023,10.03860
09-03-2023,10.03580
08-03-2023,10.03360
07-03-2023,10.03200
06-03-2023,10.03020
05-03-2023,10.02820
03-03-2023,10.02440
02-03-2023,10.02270
01-03-2023,10.02100
28-02-2023,10.01910
27-02-2023,10.01760
26-02-2023,10.01640
24-02-2023,10.06020
23-02-2023,10.05860
22-02-2023,10.05680
21-02-2023,10.05520
20-02-2023,10.05360
19-02-2023,10.05170
17-02-2023,10.04800
16-02-2023,10.04680
15-02-2023,10.04510
14-02-2023,10.04350
13-02-2023,10.04180
12-02-2023,10.03980
10-02-2023,10.03620
09-02-2023,10.03430
08-02-2023,10.03280
07-02-2023,10.03130
06-02-2023,10.02970
05-02-2023,10.02790
03-02-2023,10.02450
02-02-2023,10.02270
01-02-2023,10.02100
31-01-2023,10.01950
30-01-2023,10.01770
29-01-2023,10.01620
27-01-2023,10.05880
26-01-2023,10.05740
25-01-2023,10.05570
24-01-2023,10.05400
23-01-2023,10.05260
22-01-2023,10.05100
20-01-2023,10.04750
19-01-2023,10.04610
18-01-2023,10.04440
17-01-2023,10.04280
16-01-2023,10.04130
15-01-2023,10.03960
13-01-2023,10.03610
12-01-2023,10.03470
11-01-2023,10.03310
10-01-2023,10.03150
09-01-2023,10.02990
08-01-2023,10.02850
06-01-2023,10.02510
05-01-2023,10.02330
04-01-2023,10.02170
03-01-2023,10.01990
02-01-2023,10.01820
01-01-2023,10.01610
30-12-2022,10.07180
29-12-2022,10.06980
28-12-2022,10.06780
27-12-2022,10.06540
26-12-2022,10.06340
25-12-2022,10.06160
23-12-2022,10.05800
22-12-2022,10.05610
21-12-2022,10.05430
20-12-2022,10.05230
19-12-2022,10.05040
18-12-2022,10.04880
16-12-2022,10.04520
15-12-2022,10.04370
14-12-2022,10.04220
13-12-2022,10.04040
12-12-2022,10.03860
11-12-2022,10.03680
09-12-2022,10.03330
08-12-2022,10.03150
07-12-2022,10.02950
06-12-2022,10.02780
05-12-2022,10.02620
04-12-2022,10.02430
02-12-2022,10.02090
01-12-2022,10.01920
30-11-2022,10.01770
29-11-2022,10.01570
28-11-2022,10.01390
27-11-2022,10.06540
25-11-2022,1006.19060
24-11-2022,1006.01530
23-11-2022,1005.84310
22-11-2022,1005.66980
21-11-2022,1005.49430
20-11-2022,1005.31610
18-11-2022,1004.97570
17-11-2022,1004.83650
16-11-2022,1004.64070
15-11-2022,1004.44400
14-11-2022,1004.25220
13-11-2022,1004.07440
11-11-2022,1003.72860
10-11-2022,1003.54930
09-11-2022,1003.32670
08-11-2022,1003.15930
07-11-2022,1002.98780
06-11-2022,1002.78790
04-11-2022,1002.44490
03-11-2022,1002.26590
02-11-2022,1002.09420
01-11-2022,1001.92040
31-10-2022,1001.76880
30-10-2022,1001.60990
28-10-2022,1005.64410
27-10-2022,1005.53150
26-10-2022,1005.37590
25-10-2022,1005.20470
24-10-2022,1005.03960
21-10-2022,1004.52520
20-10-2022,1004.39220
19-10-2022,1004.23350
18-10-2022,1004.10180
17-10-2022,1003.93730
16-10-2022,1003.75910
14-10-2022,1003.41620
13-10-2022,1003.25920
12-10-2022,1003.09380
11-10-2022,1002.95130
10-10-2022,1002.82570
09-10-2022,1002.69900
07-10-2022,1002.37260
06-10-2022,1002.25660
05-10-2022,1002.12640
04-10-2022,1001.97300
03-10-2022,1001.82750
02-10-2022,1001.58700
30-09-2022,1006.33760
29-09-2022,1006.11280
28-09-2022,1005.90500
27-09-2022,1005.79980
26-09-2022,1005.72080
25-09-2022,1005.59720
23-09-2022,1005.28920
22-09-2022,1005.14960
21-09-2022,1004.99490
20-09-2022,1004.85850
19-09-2022,1004.73220
18-09-2022,1004.60840
16-09-2022,1004.29730
15-09-2022,1004.20740
14-09-2022,1004.07630
13-09-2022,1003.94400
12-09-2022,1003.81120
11-09-2022,1003.66860
09-09-2022,1003.36730
08-09-2022,1003.21810
07-09-2022,1003.07660
06-09-2022,1002.95090
05-09-2022,1002.78420
04-09-2022,1002.60710
02-09-2022,1002.30850
01-09-2022,1002.14010
31-08-2022,1001.98420
30-08-2022,1001.83140
29-08-2022,1001.69590
28-08-2022,1001.55870
26-08-2022,1005.62920
25-08-2022,1005.47300
24-08-2022,1005.32610
23-08-2022,1005.18920
22-08-2022,1005.04600
21-08-2022,1004.87800
19-08-2022,1004.57890
18-08-2022,1004.43860
17-08-2022,1004.27170
16-08-2022,1004.09320
12-08-2022,1003.48010
11-08-2022,1003.34890
10-08-2022,1003.18500
09-08-2022,1002.97740
08-08-2022,1002.82520
07-08-2022,1002.70150
05-08-2022,1002.40060
04-08-2022,1002.27250
03-08-2022,1002.11960
02-08-2022,1001.97960
01-08-2022,1001.76070
31-07-2022,1001.57230
29-07-2022,1005.85460
28-07-2022,1005.72740
27-07-2022,1005.56650
26-07-2022,1005.50400
25-07-2022,1005.45740
24-07-2022,1005.29110
22-07-2022,1004.99000
21-07-2022,1004.86030
20-07-2022,1004.76060
19-07-2022,1004.70430
18-07-2022,1004.60280
17-07-2022,1004.45640
15-07-2022,1004.16780
14-07-2022,1004.04020
13-07-2022,1003.88900
12-07-2022,1003.75110
11-07-2022,1003.63550
10-07-2022,1003.51400
08-07-2022,1003.23600
07-07-2022,1003.11910
06-07-2022,1002.98770
05-07-2022,1002.83400
04-07-2022,1002.69210
03-07-2022,1002.54390
01-07-2022,1002.25690
30-06-2022,1002.10520
29-06-2022,1001.95020
28-06-2022,1001.79700
27-06-2022,1001.65360
26-06-2022,1001.54350
24-06-2022,1004.92940
23-06-2022,1004.79620
22-06-2022,1004.64100
21-06-2022,1004.49240
20-06-2022,1004.34140
19-06-2022,1004.19970
17-06-2022,1003.92310
16-06-2022,1003.84550
15-06-2022,1003.70430
14-06-2022,1003.60030
13-06-2022,1003.45920
12-06-2022,1003.33050
10-06-2022,1003.07490
09-06-2022,1002.96930
08-06-2022,1002.83230
07-06-2022,1002.64920
06-06-2022,1002.57580
05-06-2022,1002.43870
03-06-2022,1002.17860
02-06-2022,1002.03860
01-06-2022,1001.91370
31-05-2022,1001.80740
30-05-2022,1001.66650
29-05-2022,1001.52930
27-05-2022,1004.21040
26-05-2022,1004.05590
25-05-2022,1003.93480
24-05-2022,1003.77880
23-05-2022,1003.64380
22-05-2022,1003.53180
20-05-2022,1003.26410
19-05-2022,1003.14630
18-05-2022,1002.99790
17-05-2022,1002.87530
16-05-2022,1002.70110
13-05-2022,1002.31660
12-05-2022,1002.25800
11-05-2022,1002.13490
10-05-2022,1002.04480
09-05-2022,1001.93160
08-05-2022,1001.85100
06-05-2022,1001.59930
05-05-2022,1001.48910
04-05-2022,1001.57530
03-05-2022,1001.74190
02-05-2022,1001.62640
01-05-2022,1001.50150
29-04-2022,1005.47250
28-04-2022,1005.36250
27-04-2022,1005.27570
26-04-2022,1005.16760
25-04-2022,1005.07560
24-04-2022,1004.98790
22-04-2022,1004.74290
21-04-2022,1004.64360
20-04-2022,1004.52100
19-04-2022,1004.37620
18-04-2022,1004.22960
17-04-2022,1004.11590
13-04-2022,1003.64140
12-04-2022,1003.53200
11-04-2022,1003.40280
10-04-2022,1003.28030
08-04-2022,1003.07770
07-04-2022,1003.01980
06-04-2022,1002.91160
05-04-2022,1002.78330
04-04-2022,1002.65950
03-04-2022,1002.47480
31-03-2022,1002.09950
30-03-2022,1001.89750
29-03-2022,1001.78000
28-03-2022,1001.62640
27-03-2022,1001.51560
25-03-2022,1004.62980
24-03-2022,1004.50510
23-03-2022,1004.38170
22-03-2022,1004.28000
21-03-2022,1004.16150
20-03-2022,1004.09120
17-03-2022,1003.71970
16-03-2022,1003.59780
15-03-2022,1003.45010
14-03-2022,1003.28250
13-03-2022,1003.14620
10-03-2022,1002.76530
09-03-2022,1002.62110
08-03-2022,1002.51390
07-03-2022,1002.40400
06-03-2022,1002.29680
04-03-2022,1002.05240
03-03-2022,1001.93250
02-03-2022,1001.83990
01-03-2022,1001.72790
28-02-2022,1001.60200
27-02-2022,1001.50830
25-02-2022,1004.65050
24-02-2022,1004.50950
23-02-2022,1004.40770
22-02-2022,1004.27300
21-02-2022,1004.16720
20-02-2022,1004.05390
18-02-2022,1003.81450
17-02-2022,1003.70040
16-02-2022,1003.56870
15-02-2022,1003.44560
14-02-2022,1003.31380
13-02-2022,1003.16290
11-02-2022,1002.93650
10-02-2022,1002.79360
09-02-2022,1002.58890
08-02-2022,1002.45910
07-02-2022,1002.33600
06-02-2022,1002.21770
04-02-2022,1001.97880
03-02-2022,1001.85150
02-02-2022,1001.73820
01-02-2022,1001.66780
31-01-2022,1001.60040
30-01-2022,1001.49300
28-01-2022,1004.26540
27-01-2022,1004.13770
26-01-2022,1004.07670
25-01-2022,1003.95990
24-01-2022,1003.84420
23-01-2022,1003.78090
21-01-2022,1003.53780
20-01-2022,1003.41330
19-01-2022,1003.30830
18-01-2022,1003.25720
17-01-2022,1003.17660
16-01-2022,1003.06040
14-01-2022,1002.83200
13-01-2022,1002.72050
12-01-2022,1002.60060
11-01-2022,1002.46720
10-01-2022,1002.35570
09-01-2022,1002.24820
07-01-2022,1002.03530
06-01-2022,1001.93010
05-01-2022,1001.84120
04-01-2022,1001.69810
03-01-2022,1001.57590
02-01-2022,1001.46940
31-12-2021,1005.00690
30-12-2021,1004.89370
29-12-2021,1004.82950
28-12-2021,1004.72750
27-12-2021,1004.63300
26-12-2021,1004.51940
24-12-2021,1004.31970
23-12-2021,1004.21640
22-12-2021,1004.11040
21-12-2021,1003.99540
20-12-2021,1003.92900
19-12-2021,1003.78920
17-12-2021,1003.58470
16-12-2021,1003.47780
15-12-2021,1003.42600
14-12-2021,1003.32010
13-12-2021,1003.21590
12-12-2021,1003.14010
10-12-2021,1002.92730
09-12-2021,1002.81140
08-12-2021,1002.71090
07-12-2021,1002.46720
06-12-2021,1002.36380
05-12-2021,1002.26020
03-12-2021,1002.04060
02-12-2021,1001.92950
01-12-2021,1001.81560
30-11-2021,1001.70930
29-11-2021,1001.59000
28-11-2021,1001.48030
26-11-2021,1004.61900
25-11-2021,1004.50680
24-11-2021,1004.37760
23-11-2021,1004.22230
22-11-2021,1004.08480
21-11-2021,1004.04320
18-11-2021,1003.70570
17-11-2021,1003.58580
16-11-2021,1003.48370
15-11-2021,1003.35940
14-11-2021,1003.26330
12-11-2021,1003.04480
11-11-2021,1002.93650
10-11-2021,1002.83890
09-11-2021,1002.71650
08-11-2021,1002.56470
07-11-2021,1002.24560
03-11-2021,1001.82420
02-11-2021,1001.66710
01-11-2021,1001.55130
31-10-2021,1001.48860
29-10-2021,1004.74050
28-10-2021,1004.62570
27-10-2021,1004.54570
26-10-2021,1004.45660
25-10-2021,1004.42630
24-10-2021,1004.40110
22-10-2021,1004.18600
21-10-2021,1004.09990
20-10-2021,1003.98340
19-10-2021,1003.90870
18-10-2021,1003.80350
17-10-2021,1003.77730
14-10-2021,1003.46680
13-10-2021,1003.35440
12-10-2021,1003.25890
11-10-2021,1003.12430
10-10-2021,1002.99090
08-10-2021,1002.78470
07-10-2021,1002.65820
06-10-2021,1002.55480
05-10-2021,1002.46160
04-10-2021,1002.34840
03-10-2021,1002.21750
01-10-2021,1002.00530
30-09-2021,1001.86730
29-09-2021,1001.76030
28-09-2021,1001.65600
27-09-2021,1001.58630
26-09-2021,1001.47640
24-09-2021,1003.79610
23-09-2021,1003.72320
22-09-2021,1003.63040
21-09-2021,1003.55700
20-09-2021,1003.46400
19-09-2021,1003.37030
17-09-2021,1003.16070
16-09-2021,1003.05950
15-09-2021,1002.97630
14-09-2021,1002.88440
13-09-2021,1002.79650
12-09-2021,1002.70170
09-09-2021,1002.42410
08-09-2021,1002.34160
07-09-2021,1002.24600
06-09-2021,1002.15680
05-09-2021,1002.07010
03-09-2021,1001.89310
02-09-2021,1001.81620
01-09-2021,1001.72020
31-08-2021,1001.63070
30-08-2021,1001.53660
29-08-2021,1001.44690
27-08-2021,1003.98900
26-08-2021,1003.87600
25-08-2021,1003.78540
24-08-2021,1003.68630
23-08-2021,1003.59120
22-08-2021,1003.49730
20-08-2021,1003.31110
19-08-2021,1003.21940
18-08-2021,1003.12680
17-08-2021,1003.01010
16-08-2021,1002.89790
13-08-2021,1002.61530
12-08-2021,1002.50330
11-08-2021,1002.38740
10-08-2021,1002.29050
09-08-2021,1002.17660
08-08-2021,1002.07580
06-08-2021,1001.88600
05-08-2021,1001.79110
04-08-2021,1001.70680
03-08-2021,1001.62550
02-08-2021,1001.54160
01-08-2021,1001.45720
30-07-2021,1004.33580
29-07-2021,1004.23960
28-07-2021,1004.15760
27-07-2021,1004.03800
26-07-2021,1003.98160
25-07-2021,1003.90190
23-07-2021,1003.72830
22-07-2021,1003.62980
21-07-2021,1003.52760
20-07-2021,1003.43960
19-07-2021,1003.34060
18-07-2021,1003.25400
16-07-2021,1003.07940
15-07-2021,1002.99800
14-07-2021,1002.91020
13-07-2021,1002.81010
12-07-2021,1002.73170
11-07-2021,1002.64080
09-07-2021,1002.46610
08-07-2021,1002.37780
07-07-2021,1002.29600
06-07-2021,1002.17590
05-07-2021,1002.11910
04-07-2021,1002.05360
02-07-2021,1001.87970
01-07-2021,1001.81280
30-06-2021,1001.69990
29-06-2021,1001.62060
28-06-2021,1001.52490
27-06-2021,1001.43690
25-06-2021,1003.59020
24-06-2021,1003.52800
23-06-2021,1003.46240
22-06-2021,1003.40380
21-06-2021,1003.31200
20-06-2021,1003.22350
18-06-2021,1003.06020
17-06-2021,1002.96510
16-06-2021,1002.88450
15-06-2021,1002.81850
14-06-2021,1002.73080
13-06-2021,1002.64440
11-06-2021,1002.46520
10-06-2021,1002.37590
09-06-2021,1002.28550
08-06-2021,1002.19310
07-06-2021,1002.10450
06-06-2021,1002.01250
04-06-2021,1001.83360
03-06-2021,1001.78420
02-06-2021,1001.70130
01-06-2021,1001.62350
31-05-2021,1001.53760
30-05-2021,1001.44340
28-05-2021,1003.70720
27-05-2021,1003.61190
26-05-2021,1003.51750
25-05-2021,1003.42600
24-05-2021,1003.32990
23-05-2021,1003.23080
21-05-2021,1003.06190
20-05-2021,1002.98250
19-05-2021,1002.89780
18-05-2021,1002.81120
17-05-2021,1002.72790
16-05-2021,1002.63850
14-05-2021,1002.45590
13-05-2021,1002.36410
12-05-2021,1002.27320
11-05-2021,1002.19290
10-05-2021,1002.10080
09-05-2021,1002.02560
07-05-2021,1001.84560
06-05-2021,1001.74780
05-05-2021,1001.68210
04-05-2021,1001.60860
03-05-2021,1001.52590
02-05-2021,1001.43990
30-04-2021,1004.40710
29-04-2021,1004.33050
28-04-2021,1004.24220
27-04-2021,1004.15490
26-04-2021,1004.06790
25-04-2021,1003.97580
23-04-2021,1003.80060
22-04-2021,1003.72180
21-04-2021,1003.61640
20-04-2021,1003.52850
19-04-2021,1003.41030
18-04-2021,1003.32450
16-04-2021,1003.14820
15-04-2021,1003.05470
14-04-2021,1002.98630
12-04-2021,1002.81180
11-04-2021,1002.73200
09-04-2021,1002.56010
08-04-2021,1002.45890
07-04-2021,1002.38350
06-04-2021,1002.29680
05-04-2021,1002.19140
04-04-2021,1002.08280
31-03-2021,1001.71910
30-03-2021,1001.63060
29-03-2021,1001.53130
26-03-2021,1003.65080
25-03-2021,1003.54820
24-03-2021,1003.45520
23-03-2021,1003.34620
22-03-2021,1003.21330
21-03-2021,1003.11940
19-03-2021,1002.97800
18-03-2021,1002.89560
17-03-2021,1002.81680
16-03-2021,1002.72270
15-03-2021,1002.66260
14-03-2021,1002.57560
12-03-2021,1002.40330
11-03-2021,1002.33150
10-03-2021,1002.24570
09-03-2021,1002.15190
08-03-2021,1002.06670
07-03-2021,1001.98960
05-03-2021,1001.81840
04-03-2021,1001.73720
03-03-2021,1001.67220
02-03-2021,1001.58750
01-03-2021,1001.50370
28-02-2021,1001.43190
26-02-2021,1003.71060
25-02-2021,1003.67960
24-02-2021,1003.57320
23-02-2021,1003.46920
22-02-2021,1003.41240
21-02-2021,1003.33140
18-02-2021,1002.93460
17-02-2021,1002.79660
16-02-2021,1002.73190
15-02-2021,1002.66260
14-02-2021,1002.58410
12-02-2021,1002.42010
11-02-2021,1002.33650
10-02-2021,1002.25510
09-02-2021,1002.17190
08-02-2021,1002.08950
07-02-2021,1002.00720
05-02-2021,1001.84220
04-02-2021,1001.75970
03-02-2021,1001.67810
02-02-2021,1001.59660
01-02-2021,1001.51170
31-01-2021,1001.43050
29-01-2021,1004.15550
28-01-2021,1004.06830
27-01-2021,1003.98500
26-01-2021,1003.89980
25-01-2021,1003.81570
24-01-2021,1003.73210
22-01-2021,1003.56410
21-01-2021,1003.48010
20-01-2021,1003.39730
19-01-2021,1003.31430
18-01-2021,1003.23170
17-01-2021,1003.16230
15-01-2021,1002.99580
14-01-2021,1002.91260
13-01-2021,1002.84130
12-01-2021,1002.76130
11-01-2021,1002.67950
10-01-2021,1002.61760
08-01-2021,1002.45240
07-01-2021,1002.34820
06-01-2021,1002.27680
05-01-2021,1002.20350
04-01-2021,1002.13260
03-01-2021,1002.04130
01-01-2021,1001.90220
31-12-2020,1001.82860
30-12-2020,1001.75310
29-12-2020,1001.67410
28-12-2020,1001.59400
27-12-2020,1001.51120
24-12-2020,1003.38790
23-12-2020,1003.30570
22-12-2020,1003.23080
21-12-2020,1003.15020
20-12-2020,1003.06810
18-12-2020,1002.90170
17-12-2020,1002.81340
16-12-2020,1002.73480
15-12-2020,1002.65380
14-12-2020,1002.57810
13-12-2020,1002.49290
11-12-2020,1002.33190
10-12-2020,1002.23670
09-12-2020,1002.15560
08-12-2020,1002.05860
07-12-2020,1001.97900
06-12-2020,1001.89550
04-12-2020,1001.73990
03-12-2020,1001.66410
02-12-2020,1001.60480
01-12-2020,1001.55800
30-11-2020,1001.49460
27-11-2020,1003.44890
26-11-2020,1003.37040
25-11-2020,1003.28440
24-11-2020,1003.21140
23-11-2020,1003.15210
22-11-2020,1003.08570
20-11-2020,1002.94460
19-11-2020,1002.86540
18-11-2020,1002.80490
17-11-2020,1002.72640
16-11-2020,1002.65570
13-11-2020,1002.43450
12-11-2020,1002.36410
11-11-2020,1002.28100
10-11-2020,1002.20390
09-11-2020,1002.12700
08-11-2020,1002.05040
06-11-2020,1001.89670
05-11-2020,1001.81460
04-11-2020,1001.73790
03-11-2020,1001.65890
02-11-2020,1001.57970
01-11-2020,1001.50250
29-10-2020,1004.07380
28-10-2020,1003.99350
27-10-2020,1003.91390
26-10-2020,1003.83900
25-10-2020,1003.76390
23-10-2020,1003.60500
22-10-2020,1003.52610
21-10-2020,1003.44990
20-10-2020,1003.37160
19-10-2020,1003.29360
18-10-2020,1003.20850
16-10-2020,1003.05000
15-10-2020,1002.97050
14-10-2020,1002.89010
13-10-2020,1002.79550
12-10-2020,1002.71090
11-10-2020,1002.62980
09-10-2020,1002.46320
08-10-2020,1002.35840
07-10-2020,1002.27390
06-10-2020,1002.18780
05-10-2020,1002.10540
04-10-2020,1002.01380
01-10-2020,1001.76400
30-09-2020,1001.69090
29-09-2020,1001.59580
28-09-2020,1001.52270
27-09-2020,1001.43610
25-09-2020,1003.57180
24-09-2020,1003.47250
23-09-2020,1003.38670
22-09-2020,1003.30630
21-09-2020,1003.22550
20-09-2020,1003.13990
18-09-2020,1002.96800
17-09-2020,1002.88200
16-09-2020,1002.79350
15-09-2020,1002.70180
14-09-2020,1002.61140
13-09-2020,1002.53620
11-09-2020,1002.37030
10-09-2020,1002.28740
09-09-2020,1002.20530
08-09-2020,1002.15130
07-09-2020,1002.07360
06-09-2020,1001.99350
04-09-2020,1001.83530
03-09-2020,1001.75610
02-09-2020,1001.66880
01-09-2020,1001.59080
31-08-2020,1001.51250
30-08-2020,1001.43240
28-08-2020,1003.57310
27-08-2020,1003.48840
26-08-2020,1003.40380
25-08-2020,1003.32110
24-08-2020,1003.24840
23-08-2020,1003.18670
21-08-2020,1003.02020
20-08-2020,1002.94210
19-08-2020,1002.86430
18-08-2020,1002.78010
17-08-2020,1002.69740
16-08-2020,1002.60940
14-08-2020,1002.44130
13-08-2020,1002.35430
12-08-2020,1002.26810
11-08-2020,1002.18400
10-08-2020,1002.11520
09-08-2020,1002.03030
07-08-2020,1001.86340
06-08-2020,1001.78360
05-08-2020,1001.69480
04-08-2020,1001.60330
03-08-2020,1001.51350
02-08-2020,1001.43320
31-07-2020,1004.23380
30-07-2020,1004.14770
29-07-2020,1004.06120
28-07-2020,1003.97670
27-07-2020,1003.89730
26-07-2020,1003.81600
24-07-2020,1003.64710
23-07-2020,1003.56140
22-07-2020,1003.47370
21-07-2020,1003.39050
20-07-2020,1003.30600
19-07-2020,1003.22780
17-07-2020,1003.06010
16-07-2020,1002.97900
15-07-2020,1002.90520
14-07-2020,1002.81450
13-07-2020,1002.73040
12-07-2020,1002.64540
10-07-2020,1002.47930
09-07-2020,1002.39390
08-07-2020,1002.29970
07-07-2020,1002.19570
06-07-2020,1002.11350
05-07-2020,1002.03550
03-07-2020,1001.87230
02-07-2020,1001.79410
01-07-2020,1001.71130
30-06-2020,1001.60030
29-06-2020,1001.51650
28-06-2020,1001.41600
26-06-2020,1003.66900
25-06-2020,1003.58760
24-06-2020,1003.50580
23-06-2020,1003.40270
22-06-2020,1003.32170
21-06-2020,1003.20930
19-06-2020,1003.04380
18-06-2020,1002.91090
17-06-2020,1002.82790
16-06-2020,1002.74420
15-06-2020,1002.65950
14-06-2020,1002.59830
12-06-2020,1002.43260
11-06-2020,1002.28390
10-06-2020,1002.18100
09-06-2020,1002.09570
08-06-2020,1002.00630
07-06-2020,1001.91380
05-06-2020,1001.73850
04-06-2020,1001.65950
03-06-2020,1001.59470
02-06-2020,1001.50560
01-06-2020,1001.47510
31-05-2020,1001.42610
29-05-2020,1004.49670
28-05-2020,1004.43540
27-05-2020,1004.37960
26-05-2020,1004.30370
25-05-2020,1004.23900
22-05-2020,1003.99580
21-05-2020,1003.86520
20-05-2020,1003.77720
19-05-2020,1003.68610
18-05-2020,1003.60480
17-05-2020,1003.50450
15-05-2020,1003.31930
14-05-2020,1003.22670
13-05-2020,1003.12850
12-05-2020,1003.03830
11-05-2020,1002.93960
10-05-2020,1002.83880
08-05-2020,1002.63550
07-05-2020,1002.53400
06-05-2020,1002.43300
05-05-2020,1002.33190
04-05-2020,1002.23100
03-05-2020,1002.13070
30-04-2020,1001.82260
29-04-2020,1001.71990
28-04-2020,1001.62030
27-04-2020,1001.52390
26-04-2020,1001.43410
24-04-2020,1004.91540
23-04-2020,1004.83110
22-04-2020,1004.68220
21-04-2020,1004.57710
20-04-2020,1004.47090
19-04-2020,1004.37320
17-04-2020,1004.18630
16-04-2020,1004.00990
15-04-2020,1003.90130
14-04-2020,1003.80460
12-04-2020,1003.50140
09-04-2020,1003.14510
08-04-2020,1002.97810
07-04-2020,1002.84010
06-04-2020,1002.86200
03-04-2020,1002.52850
02-04-2020,1002.20330
31-03-2020,1002.00940
30-03-2020,1001.70990
29-03-2020,1001.47520
27-03-2020,1005.39170
26-03-2020,1002.98370
25-03-2020,1002.53760
24-03-2020,1002.35620
23-03-2020,1002.68600
22-03-2020,1003.31770
19-03-2020,1002.79930
18-03-2020,1003.40550
17-03-2020,1003.51250
16-03-2020,1003.39360
15-03-2020,1003.27110
13-03-2020,1003.00310
12-03-2020,1002.94570
11-03-2020,1002.92750
10-03-2020,1002.80560
09-03-2020,1002.67090
08-03-2020,1002.48920
06-03-2020,1002.21290
05-03-2020,1002.08270
04-03-2020,1001.94980
03-03-2020,1001.80780
02-03-2020,1001.67200
01-03-2020,1001.53520
28-02-2020,1005.03120
27-02-2020,1004.89340
26-02-2020,1004.78200
25-02-2020,1004.64650
24-02-2020,1004.51060
23-02-2020,1004.37510
20-02-2020,1003.96580
19-02-2020,1003.82940
18-02-2020,1003.69410
17-02-2020,1003.55880
16-02-2020,1003.42370
14-02-2020,1003.15140
13-02-2020,1003.01520
12-02-2020,1002.88020
11-02-2020,1002.74500
10-02-2020,1002.60990
09-02-2020,1002.47440
07-02-2020,1002.20240
06-02-2020,1002.06470
05-02-2020,1001.93040
04-02-2020,1001.79610
03-02-2020,1001.66260
02-02-2020,1001.52920
31-01-2020,1005.92360
30-01-2020,1005.78860
29-01-2020,1005.65440
28-01-2020,1005.52000
27-01-2020,1005.38640
26-01-2020,1005.25190
24-01-2020,1004.98030
23-01-2020,1004.84120
22-01-2020,1004.70620
21-01-2020,1004.57110
20-01-2020,1004.43600
19-01-2020,1004.30060
17-01-2020,1004.03070
16-01-2020,1003.89490
15-01-2020,1003.75620
14-01-2020,1003.63340
13-01-2020,1003.51170
12-01-2020,1003.39580
10-01-2020,1003.12790
09-01-2020,1003.02180
08-01-2020,1002.87310
07-01-2020,1002.74540
06-01-2020,1002.61400
05-01-2020,1002.49290
03-01-2020,1002.24380
02-01-2020,1002.11930
01-01-2020,1001.90260
31-12-2019,1001.77210
30-12-2019,1001.64050
29-12-2019,1001.51380
27-12-2019,1004.82160
26-12-2019,1004.68430
25-12-2019,1004.54780
24-12-2019,1004.41500
23-12-2019,1004.28450
22-12-2019,1004.15230
20-12-2019,1003.88640
19-12-2019,1003.76670
18-12-2019,1003.66270
17-12-2019,1003.53480
16-12-2019,1003.40660
15-12-2019,1003.27860
13-12-2019,1003.02590
12-12-2019,1002.89950
11-12-2019,1002.77930
10-12-2019,1002.65970
09-12-2019,1002.53330
08-12-2019,1002.40540
06-12-2019,1002.14810
05-12-2019,1002.01940
04-12-2019,1001.89630
03-12-2019,1001.77290
02-12-2019,1001.64840
01-12-2019,1001.52130
29-11-2019,1005.82540
28-11-2019,1005.69410
27-11-2019,1005.56390
26-11-2019,1005.43240
25-11-2019,1005.30220
24-11-2019,1005.17010
22-11-2019,1004.90400
21-11-2019,1004.77090
20-11-2019,1004.63890
19-11-2019,1004.50830
18-11-2019,1004.37820
17-11-2019,1004.24870
15-11-2019,1003.98750
14-11-2019,1003.85690
13-11-2019,1003.72650
12-11-2019,1003.59670
11-11-2019,1003.46410
10-11-2019,1003.33160
08-11-2019,1003.06710
07-11-2019,1002.93490
06-11-2019,1002.80420
05-11-2019,1002.67420
04-11-2019,1002.54530
03-11-2019,1002.41680
01-11-2019,1002.15920
31-10-2019,1002.03050
30-10-2019,1001.90260
29-10-2019,1001.77480
28-10-2019,1001.64640
25-10-2019,1005.12590
24-10-2019,1004.99670
23-10-2019,1004.86460
22-10-2019,1004.73780
21-10-2019,1004.60620
18-10-2019,1004.21490
17-10-2019,1004.08620
16-10-2019,1003.95620
15-10-2019,1003.82850
14-10-2019,1003.70000
13-10-2019,1003.56130
11-10-2019,1003.30320
10-10-2019,1003.16200
09-10-2019,1003.02770
08-10-2019,1002.86910
07-10-2019,1002.73900
06-10-2019,1002.59600
04-10-2019,1002.33380
03-10-2019,1002.19130
02-10-2019,1002.05200
01-10-2019,1001.91330
30-09-2019,1001.73520
29-09-2019,1001.54110
27-09-2019,1005.20570
26-09-2019,1005.05710
25-09-2019,1004.90140
24-09-2019,1004.76610
23-09-2019,1004.64130
22-09-2019,1004.51940
20-09-2019,1004.23050
19-09-2019,1004.12410
18-09-2019,1003.98530
17-09-2019,1003.84570
16-09-2019,1003.71550
15-09-2019,1003.56840
13-09-2019,1003.28540
12-09-2019,1003.14790
11-09-2019,1002.99850
10-09-2019,1002.85740
09-09-2019,1002.71550
08-09-2019,1002.56690
06-09-2019,1002.28260
05-09-2019,1002.13420
04-09-2019,1001.98250
03-09-2019,1001.83740
02-09-2019,1001.69520
30-08-2019,1006.64800
29-08-2019,1006.49870
28-08-2019,1006.35600
27-08-2019,1006.20120
26-08-2019,1006.05880
25-08-2019,1005.91610
23-08-2019,1005.62960
22-08-2019,1005.48540
21-08-2019,1005.33990
20-08-2019,1005.19440
19-08-2019,1005.03080
18-08-2019,1004.88450
16-08-2019,1004.59070
15-08-2019,1004.44390
14-08-2019,1004.29610
13-08-2019,1004.14950
12-08-2019,1004.00070
09-08-2019,1003.55230
08-08-2019,1003.39640
07-08-2019,1003.22730
06-08-2019,1003.05500
05-08-2019,1002.89450
04-08-2019,1002.74050
02-08-2019,1002.41440
01-08-2019,1002.24090
31-07-2019,1002.08390
30-07-2019,1001.92460
29-07-2019,1001.75690
28-07-2019,1001.57370
26-07-2019,1006.07130
25-07-2019,1005.91630
24-07-2019,1005.75130
23-07-2019,1005.58260
22-07-2019,1005.42900
21-07-2019,1005.27500
19-07-2019,1004.95950
18-07-2019,1004.79800
17-07-2019,1004.63840
16-07-2019,1004.46720
15-07-2019,1004.26590
14-07-2019,1004.08000
12-07-2019,1003.75220
11-07-2019,1003.58630
10-07-2019,1003.41090
09-07-2019,1003.23960
08-07-2019,1003.07730
07-07-2019,1002.89770
05-07-2019,1002.56900
04-07-2019,1002.38310
03-07-2019,1002.17880
02-07-2019,1001.95990
01-07-2019,1001.78330
30-06-2019,1001.59660
28-06-2019,1005.97450
27-06-2019,1005.74310
26-06-2019,1005.57290
25-06-2019,1005.40720
24-06-2019,1005.24810
23-06-2019,1005.11940
21-06-2019,1004.79670
20-06-2019,1004.63690
19-06-2019,1004.48220
18-06-2019,1004.31940
17-06-2019,1004.15860
16-06-2019,1003.99740
14-06-2019,1003.67080
13-06-2019,1003.50780
12-06-2019,1003.34430
11-06-2019,1003.18030
10-06-2019,1003.01600
09-06-2019,1002.84370
07-06-2019,1002.49790
06-06-2019,1002.32500
05-06-2019,1002.15230
04-06-2019,1001.97930
03-06-2019,1001.80650
02-06-2019,1001.62480
31-05-2019,1007.77350
30-05-2019,1007.59050
29-05-2019,1007.40430
28-05-2019,1007.21810
27-05-2019,1007.03390
26-05-2019,1006.84400
24-05-2019,1006.46530
23-05-2019,1006.27600
22-05-2019,1006.08650
21-05-2019,1005.89660
20-05-2019,1005.70700
19-05-2019,1005.51780
17-05-2019,1005.14120
16-05-2019,1004.95290
15-05-2019,1004.76470
14-05-2019,1004.57680
13-05-2019,1004.38890
12-05-2019,1004.20150
10-05-2019,1003.82590
09-05-2019,1003.63820
08-05-2019,1003.45040
07-05-2019,1003.26240
06-05-2019,1003.07500
05-05-2019,1002.88740
03-05-2019,1002.51280
02-05-2019,1002.32570
01-05-2019,1002.13860
30-04-2019,1001.95060
29-04-2019,1001.83010
26-04-2019,1006.69690
25-04-2019,1006.50610
24-04-2019,1006.31370
23-04-2019,1006.12350
22-04-2019,1005.93340
21-04-2019,1005.74360
18-04-2019,1005.17430
17-04-2019,1004.98440
16-04-2019,1004.79450
15-04-2019,1004.60240
14-04-2019,1004.40520
12-04-2019,1004.01150
11-04-2019,1003.81460
10-04-2019,1003.63630
09-04-2019,1003.44030
08-04-2019,1003.24860
07-04-2019,1003.05820
05-04-2019,1002.67700
04-04-2019,1002.49810
03-04-2019,1002.28920
02-04-2019,1002.10850
01-04-2019,1001.83910
29-03-2019,1008.79050
28-03-2019,1007.95940
27-03-2019,1007.72770
26-03-2019,1007.52360
25-03-2019,1007.32520
24-03-2019,1007.12530
22-03-2019,1006.72930
21-03-2019,1006.54810
20-03-2019,1006.35070
19-03-2019,1006.16240
18-03-2019,1005.96870
17-03-2019,1005.77210
15-03-2019,1005.37560
14-03-2019,1005.19060
13-03-2019,1004.97270
12-03-2019,1004.76060
11-03-2019,1004.56780
10-03-2019,1004.37530
08-03-2019,1003.98930
07-03-2019,1003.79650
06-03-2019,1003.60350
05-03-2019,1003.41040
04-03-2019,1003.21600
01-03-2019,1002.63860
28-02-2019,1002.43700
27-02-2019,1002.24550
26-02-2019,1002.05010
25-02-2019,1001.85080
24-02-2019,1001.65490
22-02-2019,1006.84290
21-02-2019,1006.64490
20-02-2019,1006.44710
19-02-2019,1006.24920
18-02-2019,1006.05150
17-02-2019,1005.85380
15-02-2019,1005.45680
14-02-2019,1005.25830
13-02-2019,1005.05960
12-02-2019,1004.83680
11-02-2019,1004.63880
10-02-2019,1004.44030
08-02-2019,1004.04380
07-02-2019,1003.84550
06-02-2019,1003.64990
05-02-2019,1003.45250
04-02-2019,1003.25510
03-02-2019,1003.05960
01-02-2019,1002.66210
31-01-2019,1002.47040
30-01-2019,1002.27280
29-01-2019,1002.07210
28-01-2019,1001.87040
27-01-2019,1001.66830
25-01-2019,1006.99760
24-01-2019,1006.81130
23-01-2019,1006.60930
22-01-2019,1006.41010
21-01-2019,1006.21180
20-01-2019,1006.01300
18-01-2019,1005.59470
17-01-2019,1005.40970
16-01-2019,1005.20550
15-01-2019,1005.00450
14-01-2019,1004.80370
13-01-2019,1004.59840
11-01-2019,1004.18230
10-01-2019,1003.99800
09-01-2019,1003.78870
08-01-2019,1003.58470
07-01-2019,1003.37470
06-01-2019,1003.17120
04-01-2019,1002.76030
03-01-2019,1002.57110
02-01-2019,1002.37630
01-01-2019,1002.16010
31-12-2018,1001.92990
30-12-2018,1001.67520
28-12-2018,1007.04840
27-12-2018,1006.85230
26-12-2018,1006.64970
25-12-2018,1006.44370
24-12-2018,1006.24010
23-12-2018,1006.03740
21-12-2018,1005.62970
20-12-2018,1005.44500
19-12-2018,1005.24720
18-12-2018,1005.04030
17-12-2018,1004.83460
16-12-2018,1004.63200
14-12-2018,1004.22520
13-12-2018,1004.01580
12-12-2018,1003.79400
11-12-2018,1003.57760
10-12-2018,1003.38400
09-12-2018,1003.18000
06-12-2018,1002.57020
05-12-2018,1002.34380
04-12-2018,1002.11980
03-12-2018,1001.89920
02-12-2018,1001.68150
30-11-2018,1008.67850
29-11-2018,1008.45990
28-11-2018,1008.24460
27-11-2018,1008.03790
26-11-2018,1007.81990
25-11-2018,1007.59890
22-11-2018,1006.97410
21-11-2018,1006.76410
20-11-2018,1006.55130
19-11-2018,1006.34490
18-11-2018,1006.13540
16-11-2018,1005.70890
15-11-2018,1005.49310
14-11-2018,1005.26090
13-11-2018,1005.03900
12-11-2018,1004.82260
11-11-2018,1004.60410
09-11-2018,1004.18880
08-11-2018,1003.98000
06-11-2018,1003.56100
05-11-2018,1003.36190
04-11-2018,1003.14710
02-11-2018,1002.71630
01-11-2018,1002.52830
31-10-2018,1002.32200
30-10-2018,1002.11160
29-10-2018,1001.90690
28-10-2018,1001.70280
26-10-2018,1006.95240
25-10-2018,1006.77870
24-10-2018,1006.57470
23-10-2018,1006.36700
22-10-2018,1006.15990
21-10-2018,1005.95340
19-10-2018,1005.54560
18-10-2018,1005.34310
17-10-2018,1005.13720
16-10-2018,1004.93090
15-10-2018,1004.72540
14-10-2018,1004.52380
12-10-2018,1004.11220
11-10-2018,1003.90640
10-10-2018,1003.70290
09-10-2018,1003.49430
08-10-2018,1003.28670
07-10-2018,1003.08200
05-10-2018,1002.66640
04-10-2018,1002.46310
03-10-2018,1002.26220
02-10-2018,1002.05680
01-10-2018,1001.85040
30-09-2018,1001.66150
28-09-2018,1006.89460
27-09-2018,1006.61310
26-09-2018,1006.35660
25-09-2018,1006.15560
24-09-2018,1005.98810
23-09-2018,1005.79110
21-09-2018,1005.39270
20-09-2018,1005.19290
19-09-2018,1004.98880
18-09-2018,1004.79730
17-09-2018,1004.60030
16-09-2018,1004.40310
14-09-2018,1004.01010
13-09-2018,1003.81720
12-09-2018,1003.61880
11-09-2018,1003.43000
10-09-2018,1003.24020
09-09-2018,1003.04810
07-09-2018,1002.65710
06-09-2018,1002.46010
05-09-2018,1002.25480
04-09-2018,1002.05410
03-09-2018,1001.85770
02-09-2018,1001.65750
31-08-2018,1008.27090
30-08-2018,1008.07440
29-08-2018,1007.87580
28-08-2018,1007.67790
27-08-2018,1007.47720
26-08-2018,1007.28020
24-08-2018,1006.88680
23-08-2018,1006.69680
22-08-2018,1006.50290
21-08-2018,1006.30690
20-08-2018,1006.11730
19-08-2018,1005.92280
16-08-2018,1005.33530
15-08-2018,1005.14440
14-08-2018,1004.94840
13-08-2018,1004.75550
12-08-2018,1004.56010
10-08-2018,1004.16660
09-08-2018,1003.97140
08-08-2018,1003.76980
07-08-2018,1003.57240
06-08-2018,1003.37620
05-08-2018,1003.17000
03-08-2018,1002.71840
02-08-2018,1002.52480
01-08-2018,1002.30990
31-07-2018,1002.08620
30-07-2018,1001.86840
29-07-2018,1001.65020
27-07-2018,1006.86620
26-07-2018,1006.67110
25-07-2018,1006.47400
24-07-2018,1006.28420
23-07-2018,1006.09070
22-07-2018,1005.89860
20-07-2018,1005.51420
19-07-2018,1005.31820
18-07-2018,1005.12530
17-07-2018,1004.92930
16-07-2018,1004.73360
15-07-2018,1004.53470
13-07-2018,1004.13610
12-07-2018,1003.95560
11-07-2018,1003.76050
10-07-2018,1003.56280
09-07-2018,1003.36400
08-07-2018,1003.16020
06-07-2018,1002.76150
05-07-2018,1002.54300
04-07-2018,1002.33850
03-07-2018,1002.10500
02-07-2018,1001.89000
01-07-2018,1001.66650
29-06-2018,1008.58180
28-06-2018,1008.30970
27-06-2018,1008.08860
26-06-2018,1007.88070
25-06-2018,1007.67210
24-06-2018,1007.46070
22-06-2018,1007.05320
21-06-2018,1006.83750
20-06-2018,1006.61870
19-06-2018,1006.39710
18-06-2018,1006.18210
17-06-2018,1005.95530
15-06-2018,1005.56510
14-06-2018,1005.36970
13-06-2018,1005.17730
12-06-2018,1004.96500
11-06-2018,1004.75300
10-06-2018,1004.54220
08-06-2018,1004.15720
07-06-2018,1003.93520
06-06-2018,1003.73270
05-06-2018,1003.48530
04-06-2018,1003.28430
03-06-2018,1003.09110
01-06-2018,1002.67220
31-05-2018,1002.51400
30-05-2018,1002.32650
29-05-2018,1002.08790
28-05-2018,1001.85320
27-05-2018,1001.63750
25-05-2018,1006.52560
24-05-2018,1006.33460
23-05-2018,1006.13850
22-05-2018,1005.95240
21-05-2018,1005.76000
20-05-2018,1005.57290
18-05-2018,1005.16360
17-05-2018,1005.00900
16-05-2018,1004.82140
15-05-2018,1004.63750
14-05-2018,1004.44980
13-05-2018,1004.26300
11-05-2018,1003.87390
10-05-2018,1003.69630
09-05-2018,1003.51550
08-05-2018,1003.32950
07-05-2018,1003.14120
06-05-2018,1002.95290
04-05-2018,1002.57480
03-05-2018,1002.38840
02-05-2018,1002.20280
01-05-2018,1002.01370
27-04-2018,1008.44440
26-04-2018,1008.25500
25-04-2018,1008.06540
24-04-2018,1007.88210
23-04-2018,1007.68940
22-04-2018,1007.50680
20-04-2018,1007.11920
19-04-2018,1006.94690
18-04-2018,1006.76110
17-04-2018,1006.56930
16-04-2018,1006.37740
15-04-2018,1006.18780
13-04-2018,1005.80810
12-04-2018,1005.60950
11-04-2018,1005.42620
10-04-2018,1005.24760
09-04-2018,1005.07200
08-04-2018,1004.87870
06-04-2018,1004.50000
05-04-2018,1004.32940
04-04-2018,1004.12760
03-04-2018,1003.92310
02-04-2018,1003.71940
28-03-2018,1002.64430
27-03-2018,1002.05170
26-03-2018,1001.83780
25-03-2018,1001.65460
23-03-2018,1006.75180
22-03-2018,1006.58920
21-03-2018,1006.38940
20-03-2018,1006.19750
19-03-2018,1006.00220
18-03-2018,1005.80570
16-03-2018,1005.40660
15-03-2018,1005.15940
14-03-2018,1004.93250
13-03-2018,1004.73180
12-03-2018,1004.53090
11-03-2018,1004.31610
09-03-2018,1003.91280
08-03-2018,1003.75160
07-03-2018,1003.54780
06-03-2018,1003.33270
05-03-2018,1003.13310
04-03-2018,1002.94490
01-03-2018,1002.37210
28-02-2018,1002.19890
27-02-2018,1002.01290
26-02-2018,1001.82600
25-02-2018,1001.64040
23-02-2018,1006.55810
22-02-2018,1006.37930
21-02-2018,1006.19620
20-02-2018,1006.01110
19-02-2018,1005.82290
16-02-2018,1005.27510
15-02-2018,1005.09640
14-02-2018,1004.91690
13-02-2018,1004.72900
12-02-2018,1004.54090
11-02-2018,1004.36000
09-02-2018,1003.99620
08-02-2018,1003.81420
07-02-2018,1003.62850
06-02-2018,1003.44600
05-02-2018,1003.26210
04-02-2018,1003.08110
02-02-2018,1002.71460
01-02-2018,1002.53710
31-01-2018,1002.35190
30-01-2018,1002.17020
29-01-2018,1001.98590
28-01-2018,1001.80440
25-01-2018,1006.17400
24-01-2018,1005.99200
23-01-2018,1005.80750
22-01-2018,1005.62280
21-01-2018,1005.44030
19-01-2018,1005.06420
18-01-2018,1004.89130
17-01-2018,1004.70750
16-01-2018,1004.52250
15-01-2018,1004.33980
14-01-2018,1004.15600
12-01-2018,1003.77150
11-01-2018,1003.61130
10-01-2018,1003.43020
09-01-2018,1003.25030
08-01-2018,1003.06490
07-01-2018,1002.88090
05-01-2018,1002.50850
04-01-2018,1002.34040
03-01-2018,1002.16070
02-01-2018,1001.98140
01-01-2018,1001.80220
31-12-2017,1001.62140
29-12-2017,1007.52970
28-12-2017,1007.34850
27-12-2017,1007.16800
26-12-2017,1006.97880
25-12-2017,1006.79420
22-12-2017,1006.24160
21-12-2017,1006.05750
20-12-2017,1005.87560
19-12-2017,1005.70850
18-12-2017,1005.52980
17-12-2017,1005.34980
15-12-2017,1004.98080
14-12-2017,1004.80120
13-12-2017,1004.62510
12-12-2017,1004.44400
11-12-2017,1004.26130
10-12-2017,1004.08110
08-12-2017,1003.72680
07-12-2017,1003.54960
06-12-2017,1003.37380
05-12-2017,1003.19790
04-12-2017,1003.02020
03-12-2017,1002.84270
30-11-2017,1002.31900
29-11-2017,1002.14200
28-11-2017,1001.96490
27-11-2017,1001.78760
26-11-2017,1001.61230
24-11-2017,1006.26010
23-11-2017,1006.08350
22-11-2017,1005.90440
21-11-2017,1005.72810
20-11-2017,1005.55110
19-11-2017,1005.37410
17-11-2017,1005.02280
16-11-2017,1004.84740
15-11-2017,1004.67050
14-11-2017,1004.48970
13-11-2017,1004.31170
12-11-2017,1004.13380
10-11-2017,1003.77820
09-11-2017,1003.59570
08-11-2017,1003.41840
07-11-2017,1003.24160
06-11-2017,1003.06530
05-11-2017,1002.88480
03-11-2017,1002.52560
02-11-2017,1002.34600
01-11-2017,1002.16610
31-10-2017,1001.98690
30-10-2017,1001.80470
29-10-2017,1001.62840
27-10-2017,1006.20690
26-10-2017,1006.05630
25-10-2017,1005.88160
24-10-2017,1005.70740
23-10-2017,1005.53330
22-10-2017,1005.35790
18-10-2017,1004.66140
17-10-2017,1004.48760
16-10-2017,1004.30960
15-10-2017,1004.13360
13-10-2017,1003.76290
12-10-2017,1003.59030
11-10-2017,1003.40980
10-10-2017,1003.22700
09-10-2017,1003.04570
08-10-2017,1002.86300
06-10-2017,1002.50250
05-10-2017,1002.33170
04-10-2017,1002.14930
03-10-2017,1001.97380
02-10-2017,1001.79800
29-09-2017,1007.76770
28-09-2017,1007.59960
27-09-2017,1007.41930
26-09-2017,1007.24010
25-09-2017,1007.05410
24-09-2017,1006.87060
22-09-2017,1006.50550
21-09-2017,1006.32400
20-09-2017,1006.13820
19-09-2017,1005.95080
18-09-2017,1005.76090
17-09-2017,1005.57930
15-09-2017,1005.22010
14-09-2017,1005.04040
13-09-2017,1004.85710
12-09-2017,1004.67280
11-09-2017,1004.48890
10-09-2017,1004.30590
08-09-2017,1003.94260
07-09-2017,1003.76620
06-09-2017,1003.58550
05-09-2017,1003.40490
04-09-2017,1003.22770
03-09-2017,1003.04950
01-09-2017,1002.66970
31-08-2017,1002.50730
30-08-2017,1002.33190
29-08-2017,1002.15280
28-08-2017,1001.97740
27-08-2017,1001.79810
24-08-2017,1006.22540
23-08-2017,1006.05150
22-08-2017,1005.87070
21-08-2017,1005.68870
20-08-2017,1005.50830
18-08-2017,1005.14240
17-08-2017,1004.96390
16-08-2017,1004.77340
15-08-2017,1004.60050
14-08-2017,1004.41670
13-08-2017,1004.23720
11-08-2017,1003.88000
10-08-2017,1003.70130
09-08-2017,1003.51810
08-08-2017,1003.32870
07-08-2017,1003.14020
06-08-2017,1002.94050
04-08-2017,1002.54150
03-08-2017,1002.36700
02-08-2017,1002.17870
01-08-2017,1001.99130
31-07-2017,1001.80630
30-07-2017,1001.62410
28-07-2017,1006.65760
27-07-2017,1006.47250
26-07-2017,1006.28680
25-07-2017,1006.10210
24-07-2017,1005.92150
23-07-2017,1005.73260
21-07-2017,1005.37030
20-07-2017,1005.18950
19-07-2017,1005.00490
18-07-2017,1004.81610
17-07-2017,1004.63210
16-07-2017,1004.44580
14-07-2017,1004.07090
13-07-2017,1003.89270
12-07-2017,1003.71090
11-07-2017,1003.52470
10-07-2017,1003.34400
09-07-2017,1003.15490
07-07-2017,1002.76160
06-07-2017,1002.58020
05-07-2017,1002.38820
04-07-2017,1002.19700
03-07-2017,1002.00410
02-07-2017,1001.80950
30-06-2017,1001.42600
29-06-2017,1007.54890
28-06-2017,1007.36100
27-06-2017,1007.16600
26-06-2017,1006.97200
23-06-2017,1006.40000
22-06-2017,1006.20780
21-06-2017,1006.02120
20-06-2017,1005.83650
19-06-2017,1005.65650
18-06-2017,1005.47530
16-06-2017,1005.11000
15-06-2017,1004.92810
14-06-2017,1004.74470
13-06-2017,1004.56270
12-06-2017,1004.37900
11-06-2017,1004.19630
09-06-2017,1003.83500
08-06-2017,1003.65380
07-06-2017,1003.47150
06-06-2017,1003.28690
05-06-2017,1003.10490
04-06-2017,1002.92290
02-06-2017,1002.55400
01-06-2017,1002.36850
31-05-2017,1002.18530
30-05-2017,1002.00900
29-05-2017,1001.81970
28-05-2017,1001.63460
26-05-2017,1006.40790
25-05-2017,1006.22290
24-05-2017,1006.04090
23-05-2017,1005.85670
22-05-2017,1005.67380
21-05-2017,1005.49020
19-05-2017,1005.10840
18-05-2017,1004.93240
17-05-2017,1004.74480
16-05-2017,1004.55680
15-05-2017,1004.36770
14-05-2017,1004.18480
12-05-2017,1003.81290
11-05-2017,1003.62700
10-05-2017,1003.44380
09-05-2017,1003.26080
08-05-2017,1003.07780
07-05-2017,1002.89580
05-05-2017,1002.52720
04-05-2017,1002.34790
03-05-2017,1002.16640
02-05-2017,1001.98230
01-05-2017,1001.80250
28-04-2017,1006.72170
27-04-2017,1006.54030
26-04-2017,1006.35860
25-04-2017,1006.17460
24-04-2017,1005.99300
23-04-2017,1005.81400
21-04-2017,1005.43910
20-04-2017,1005.27650
19-04-2017,1005.09530
18-04-2017,1004.91320
17-04-2017,1004.73050
16-04-2017,1004.54810
13-04-2017,1003.96860
12-04-2017,1003.81210
11-04-2017,1003.62930
10-04-2017,1003.44690
09-04-2017,1003.25570
07-04-2017,1002.88910
06-04-2017,1002.70930
05-04-2017,1002.52920
04-04-2017,1002.34780
03-04-2017,1002.16490
02-04-2017,1001.99910
31-03-2017,1001.62680
30-03-2017,1001.44060
29-03-2017,1007.72890
28-03-2017,1007.55240
27-03-2017,1007.36070
26-03-2017,1007.16910
24-03-2017,1006.79440
23-03-2017,1006.60700
22-03-2017,1006.42270
21-03-2017,1006.24030
20-03-2017,1006.05720
19-03-2017,1005.86010
17-03-2017,1005.46260
16-03-2017,1005.26320
15-03-2017,1005.06410
14-03-2017,1004.86430
13-03-2017,1004.66570
10-03-2017,1004.09550
09-03-2017,1003.90540
08-03-2017,1003.71600
07-03-2017,1003.52820
06-03-2017,1003.34110
05-03-2017,1003.15220
03-03-2017,1002.78780
02-03-2017,1002.60560
01-03-2017,1002.41250
28-02-2017,1002.22060
27-02-2017,1002.02870
26-02-2017,1001.82910
23-02-2017,1006.25300
22-02-2017,1006.06220
21-02-2017,1005.87000
20-02-2017,1005.68250
19-02-2017,1005.49400
17-02-2017,1005.11110
16-02-2017,1004.93680
15-02-2017,1004.74800
14-02-2017,1004.56420
13-02-2017,1004.37210
12-02-2017,1004.18180
10-02-2017,1003.79900
09-02-2017,1003.62200
08-02-2017,1003.44450
07-02-2017,1003.28600
06-02-2017,1003.10210
05-02-2017,1002.91770
03-02-2017,1002.53810
02-02-2017,1002.36770
01-02-2017,1002.18370
31-01-2017,1002.00030
30-01-2017,1001.81360
29-01-2017,1001.62960
27-01-2017,1006.45260
26-01-2017,1006.26750
25-01-2017,1006.07840
24-01-2017,1005.89800
23-01-2017,1005.71360
22-01-2017,1005.52870
20-01-2017,1005.15760
19-01-2017,1004.97170
18-01-2017,1004.78650
17-01-2017,1004.60120
16-01-2017,1004.41250
15-01-2017,1004.22710
13-01-2017,1003.85650
12-01-2017,1003.67130
11-01-2017,1003.48740
10-01-2017,1003.30280
09-01-2017,1003.11900
08-01-2017,1002.93500
06-01-2017,1002.56420
05-01-2017,1002.37730
04-01-2017,1002.19340
03-01-2017,1002.00930
02-01-2017,1001.82000
01-01-2017,1001.64450
30-12-2016,1008.06690
29-12-2016,1007.89420
28-12-2016,1007.70350
27-12-2016,1007.51370
26-12-2016,1007.32660
25-12-2016,1007.14120
23-12-2016,1006.75920
22-12-2016,1006.56830
21-12-2016,1006.37980
20-12-2016,1006.18840
19-12-2016,1005.99560
18-12-2016,1005.79800
16-12-2016,1005.40160
15-12-2016,1005.20340
14-12-2016,1005.00560
13-12-2016,1004.80280
12-12-2016,1004.60430
09-12-2016,1004.01310
08-12-2016,1003.81210
07-12-2016,1003.62580
06-12-2016,1003.45350
05-12-2016,1003.25700
04-12-2016,1003.06440
02-12-2016,1002.67210
01-12-2016,1002.47640
30-11-2016,1002.28030
29-11-2016,1002.08220
28-11-2016,1001.88560
27-11-2016,1001.67410
25-11-2016,1006.75640
24-11-2016,1006.56400
23-11-2016,1006.36200
22-11-2016,1006.15660
21-11-2016,1005.95760
20-11-2016,1005.76010
18-11-2016,1005.35900
17-11-2016,1005.16750
16-11-2016,1004.96300
15-11-2016,1004.76300
14-11-2016,1004.56740
11-11-2016,1003.97430
10-11-2016,1003.77680
09-11-2016,1003.58040
08-11-2016,1003.38550
07-11-2016,1003.19240
06-11-2016,1002.99800
04-11-2016,1002.60690
03-11-2016,1002.41130
02-11-2016,1002.21810
01-11-2016,1002.02480
31-10-2016,1001.83290
28-10-2016,1006.99590
27-10-2016,1006.80390
26-10-2016,1006.60690
25-10-2016,1006.40600
24-10-2016,1006.20850
23-10-2016,1006.01180
21-10-2016,1005.61660
20-10-2016,1005.41910
19-10-2016,1005.22530
18-10-2016,1005.02640
17-10-2016,1004.83070
16-10-2016,1004.63510
14-10-2016,1004.24060
13-10-2016,1004.04530
12-10-2016,1003.85120
10-10-2016,1003.46560
09-10-2016,1003.25390
07-10-2016,1002.86160
06-10-2016,1002.66570
05-10-2016,1002.45840
04-10-2016,1002.25650
03-10-2016,1002.05410
02-10-2016,1001.84600
30-09-2016,1001.44950
29-09-2016,1007.88430
28-09-2016,1007.68720
27-09-2016,1007.48950
26-09-2016,1007.29200
25-09-2016,1007.09550
23-09-2016,1006.70180
22-09-2016,1006.50520
21-09-2016,1006.30990
20-09-2016,1006.11430
19-09-2016,1005.91940
18-09-2016,1005.72590
16-09-2016,1005.33430
15-09-2016,1005.14840
14-09-2016,1004.95120
13-09-2016,1004.75700
12-09-2016,1004.56150
11-09-2016,1004.36750
09-09-2016,1003.97870
08-09-2016,1003.78950
07-09-2016,1003.59440
06-09-2016,1003.39860
05-09-2016,1003.20310
02-09-2016,1002.62880
01-09-2016,1002.44230
31-08-2016,1002.24530
30-08-2016,1002.04480
29-08-2016,1001.84880
28-08-2016,1001.65620
26-08-2016,1006.85270
25-08-2016,1006.65950
24-08-2016,1006.46220
23-08-2016,1006.26360
22-08-2016,1006.06280
21-08-2016,1005.86620
19-08-2016,1005.48700
18-08-2016,1005.29740
17-08-2016,1005.10230
16-08-2016,1004.90360
15-08-2016,1004.70230
12-08-2016,1004.10480
11-08-2016,1003.90560
10-08-2016,1003.70410
09-08-2016,1003.50320
08-08-2016,1003.30210
07-08-2016,1003.09770
05-08-2016,1002.68450
04-08-2016,1002.47900
03-08-2016,1002.27150
02-08-2016,1002.06380
01-08-2016,1001.85630
31-07-2016,1001.65500
29-07-2016,1008.71430
28-07-2016,1008.51550
27-07-2016,1008.30610
26-07-2016,1008.09550
25-07-2016,1007.88700
24-07-2016,1007.67530
22-07-2016,1007.26380
21-07-2016,1007.05810
20-07-2016,1006.85210
19-07-2016,1006.63990
18-07-2016,1006.42940
17-07-2016,1006.21220
15-07-2016,1005.79600
14-07-2016,1005.58790
13-07-2016,1005.37140
12-07-2016,1005.15920
11-07-2016,1004.94290
10-07-2016,1004.73150
08-07-2016,1004.28940
07-07-2016,1004.06270
06-07-2016,1003.85370
05-07-2016,1003.63670
04-07-2016,1003.41800
03-07-2016,1003.21700
01-07-2016,1002.74760
30-06-2016,1002.56590
29-06-2016,1002.31430
28-06-2016,1002.10050
27-06-2016,1001.89390
26-06-2016,1001.69290
24-06-2016,1007.24370
23-06-2016,1007.02990
22-06-2016,1006.81760
21-06-2016,1006.61020
20-06-2016,1006.39870
19-06-2016,1006.18080
17-06-2016,1005.75630
16-06-2016,1005.55450
15-06-2016,1005.33820
14-06-2016,1005.12110
13-06-2016,1004.90720
12-06-2016,1004.69490
10-06-2016,1004.26880
09-06-2016,1004.05570
08-06-2016,1003.84340
07-06-2016,1003.61340
06-06-2016,1003.39870
05-06-2016,1003.18320
03-06-2016,1002.75870
02-06-2016,1002.54640
01-06-2016,1002.32610
31-05-2016,1002.11540
30-05-2016,1001.90480
29-05-2016,1001.69010
27-05-2016,1007.44850
26-05-2016,1007.23360
25-05-2016,1007.01540
24-05-2016,1006.79890
23-05-2016,1006.57910
22-05-2016,1006.36010
20-05-2016,1005.92380
19-05-2016,1005.70560
18-05-2016,1005.48580
17-05-2016,1005.26760
16-05-2016,1005.04620
15-05-2016,1004.82730
13-05-2016,1004.38770
12-05-2016,1004.16380
11-05-2016,1003.94240
10-05-2016,1003.71860
09-05-2016,1003.49720
08-05-2016,1003.26930
06-05-2016,1002.81350
05-05-2016,1002.57500
04-05-2016,1002.35440
03-05-2016,1002.13710
02-05-2016,1001.92050
01-05-2016,1001.70320
29-04-2016,1008.67370
28-04-2016,1008.45110
27-04-2016,1008.23000
26-04-2016,1008.00980
25-04-2016,1007.78870
24-04-2016,1007.56770
22-04-2016,1007.13380
21-04-2016,1006.90780
20-04-2016,1006.68600
19-04-2016,1006.46570
18-04-2016,1006.24630
17-04-2016,1006.03100
13-04-2016,1005.14680
12-04-2016,1004.92580
11-04-2016,1004.70070
10-04-2016,1004.48040
07-04-2016,1003.84670
06-04-2016,1003.63210
05-04-2016,1003.41030
04-04-2016,1003.18430
03-04-2016,1002.88740
31-03-2016,1002.16310
30-03-2016,1008.59670
29-03-2016,1008.34840
28-03-2016,1008.11890
27-03-2016,1007.89670
23-03-2016,1006.96230
22-03-2016,1006.72870
21-03-2016,1006.50160
20-03-2016,1006.27460
18-03-2016,1005.82050
17-03-2016,1005.59260
16-03-2016,1005.36970
15-03-2016,1005.14920
14-03-2016,1004.93280
13-03-2016,1004.70900
11-03-2016,1004.26970
10-03-2016,1004.04840
09-03-2016,1003.83360
08-03-2016,1003.61970
07-03-2016,1003.40490
04-03-2016,1002.75080
03-03-2016,1002.54100
02-03-2016,1002.33030
01-03-2016,1002.12380
29-02-2016,1001.91230
28-02-2016,1001.69260
26-02-2016,1007.34900
25-02-2016,1007.15060
24-02-2016,1006.93580
23-02-2016,1006.71690
22-02-2016,1006.49790
21-02-2016,1006.28070
18-02-2016,1005.61890
17-02-2016,1005.39920
16-02-2016,1005.18350
15-02-2016,1004.96630
14-02-2016,1004.74650
12-02-2016,1004.30700
11-02-2016,1004.08720
10-02-2016,1003.86910
09-02-2016,1003.65190
08-02-2016,1003.43370
07-02-2016,1003.21560
05-02-2016,1002.77610
04-02-2016,1002.55800
03-02-2016,1002.34400
02-02-2016,1002.13000
01-02-2016,1001.91360
31-01-2016,1001.69960
29-01-2016,1007.51650
28-01-2016,1007.29750
27-01-2016,1007.08350
26-01-2016,1006.86610
25-01-2016,1006.64790
24-01-2016,1006.42980
22-01-2016,1005.99340
21-01-2016,1005.77520
20-01-2016,1005.55540
19-01-2016,1005.33880
18-01-2016,1005.11740
17-01-2016,1004.89920
15-01-2016,1004.46280
14-01-2016,1004.24300
13-01-2016,1004.03310
12-01-2016,1003.81740
11-01-2016,1003.60170
10-01-2016,1003.38600
08-01-2016,1002.94960
07-01-2016,1002.73800
06-01-2016,1002.51740
05-01-2016,1002.30080
04-01-2016,1002.09090
03-01-2016,1001.87110
01-01-2016,1001.46120
31-12-2015,1001.26000
30-12-2015,1009.10720
29-12-2015,1008.85370
28-12-2015,1007.84110
27-12-2015,1007.63090
23-12-2015,1006.76970
22-12-2015,1006.55440
21-12-2015,1006.33830
20-12-2015,1006.12050
18-12-2015,1005.68000
17-12-2015,1005.45640
16-12-2015,1005.23190
15-12-2015,1005.02000
14-12-2015,1004.80880
13-12-2015,1004.60100
11-12-2015,1004.18040
10-12-2015,1003.96920
09-12-2015,1003.76140
08-12-2015,1003.55110
07-12-2015,1003.34080
06-12-2015,1003.11430
04-12-2015,1002.70730
03-12-2015,1002.50170
02-12-2015,1002.30310
01-12-2015,1002.10220
30-11-2015,1001.89780
29-11-2015,1001.68250
27-11-2015,1007.15110
26-11-2015,1006.94570
25-11-2015,1006.73120
24-11-2015,1006.51840
23-11-2015,1006.30550
22-11-2015,1006.09020
20-11-2015,1005.66280
19-11-2015,1005.44910
18-11-2015,1005.23870
17-11-2015,1005.03090
16-11-2015,1004.81800
15-11-2015,1004.60770
13-11-2015,1004.18530
12-11-2015,1003.97410
10-11-2015,1003.55180
09-11-2015,1003.34060
08-11-2015,1003.12770
06-11-2015,1002.70200
05-11-2015,1002.49000
04-11-2015,1002.27960
03-11-2015,1002.06930
02-11-2015,1001.86060
01-11-2015,1001.65280
30-10-2015,1008.26590
29-10-2015,1008.05370
28-10-2015,1007.84060
27-10-2015,1007.62330
26-10-2015,1007.40940
25-10-2015,1007.19460
23-10-2015,1006.76170
22-10-2015,1006.54530
21-10-2015,1006.32800
20-10-2015,1006.11240
19-10-2015,1005.89600
18-10-2015,1005.68120
16-10-2015,1005.24500
15-10-2015,1005.02520
14-10-2015,1004.81540
13-10-2015,1004.60400
12-10-2015,1004.39260
11-10-2015,1003.34140
09-10-2015,1002.91860
08-10-2015,1004.26370
07-10-2015,1004.05590
06-10-2015,1003.84810
05-10-2015,1003.64430
04-10-2015,1003.44010
01-10-2015,1002.83870
30-09-2015,1002.63920
29-09-2015,1002.41280
28-09-2015,1002.09230
27-09-2015,1001.87250
24-09-2015,1007.00930
23-09-2015,1006.78600
22-09-2015,1006.56950
21-09-2015,1006.35130
20-09-2015,1006.13730
18-09-2015,1005.70090
17-09-2015,1005.49030
16-09-2015,1005.27460
15-09-2015,1005.05900
14-09-2015,1004.83820
13-09-2015,1004.62170
11-09-2015,1004.18870
10-09-2015,1003.96970
09-09-2015,1003.75910
08-09-2015,1003.54250
07-09-2015,1003.32860
06-09-2015,1003.11200
04-09-2015,1002.68240
03-09-2015,1002.46760
02-09-2015,1002.25020
01-09-2015,1002.03030
31-08-2015,1001.81130
30-08-2015,1001.59220
28-08-2015,1007.08970
27-08-2015,1006.86970
26-08-2015,1006.65820
25-08-2015,1006.43820
24-08-2015,1006.21830
23-08-2015,1005.99830
21-08-2015,1005.55840
20-08-2015,1005.33840
19-08-2015,1005.11840
18-08-2015,1004.90690
17-08-2015,1004.68700
16-08-2015,1004.46700
14-08-2015,1004.02710
13-08-2015,1003.80710
12-08-2015,1003.58710
11-08-2015,1003.37560
10-08-2015,1003.15570
09-08-2015,1002.93570
07-08-2015,1002.49580
06-08-2015,1002.27580
05-08-2015,1002.05580
04-08-2015,1001.83590
03-08-2015,1001.61590
02-08-2015,1001.39590
31-07-2015,1009.45530
30-07-2015,1009.22550
29-07-2015,1008.98720
28-07-2015,1008.75740
27-07-2015,1008.52770
26-07-2015,1008.30640
24-07-2015,1007.86380
23-07-2015,1007.64260
22-07-2015,1007.41280
21-07-2015,1007.19150
20-07-2015,1006.97020
19-07-2015,1006.74040
17-07-2015,1006.29790
16-07-2015,1006.07660
15-07-2015,1005.85530
14-07-2015,1005.63400
13-07-2015,1005.41280
12-07-2015,1005.19150
10-07-2015,1004.73190
09-07-2015,1004.50210
08-07-2015,1004.27230
07-07-2015,1004.02550
06-07-2015,1003.79570
05-07-2015,1003.57450
03-07-2015,1003.13190
02-07-2015,1002.91910
01-07-2015,1002.69790
30-06-2015,1002.45960
29-06-2015,1002.22130
28-06-2015,1001.99150
26-06-2015,1007.52140
25-06-2015,1007.29060
24-06-2015,1007.07690
23-06-2015,1006.86320
22-06-2015,1006.64100
21-06-2015,1006.41880
19-06-2015,1005.97440
18-06-2015,1005.75210
17-06-2015,1005.52990
16-06-2015,1005.30770
15-06-2015,1005.08550
14-06-2015,1004.87180
12-06-2015,1004.42740
11-06-2015,1004.20510
10-06-2015,1003.98290
09-06-2015,1003.76070
08-06-2015,1003.53850
07-06-2015,1003.31620
05-06-2015,1002.87180
04-06-2015,1002.64100
03-06-2015,1002.41880
02-06-2015,1002.19660
01-06-2015,1001.95730
31-05-2015,1001.72650
29-05-2015,1009.00340
28-05-2015,1008.77150
27-05-2015,1008.53950
26-05-2015,1008.30760
25-05-2015,1008.07560
24-05-2015,1007.85220
22-05-2015,1007.40550
21-05-2015,1007.18210
20-05-2015,1006.95020
19-05-2015,1006.71820
18-05-2015,1006.48630
17-05-2015,1006.25430
15-05-2015,1005.80760
14-05-2015,1005.58420
13-05-2015,1005.36080
12-05-2015,1005.13750
11-05-2015,1004.92270
10-05-2015,1004.69930
08-05-2015,1004.25260
07-05-2015,1004.02920
06-05-2015,1003.80580
05-05-2015,1003.58250
04-05-2015,1003.35910
30-04-2015,1002.46560
29-04-2015,1002.24230
28-04-2015,1002.01890
27-04-2015,1001.77840
26-04-2015,1001.55500
24-04-2015,1008.02250
23-04-2015,1007.80660
22-04-2015,1007.58200
21-04-2015,1007.35750
20-04-2015,1007.11570
19-04-2015,1006.88260
17-04-2015,1006.43350
16-04-2015,1006.20030
15-04-2015,1005.97580
14-04-2015,1005.74270
13-04-2015,1005.51810
12-04-2015,1005.29360
10-04-2015,1004.81000
09-04-2015,1004.57690
08-04-2015,1004.33510
07-04-2015,1004.11920
06-04-2015,1003.80830
05-04-2015,1003.55790
31-03-2015,1002.08980
30-03-2015,1001.77030
29-03-2015,1001.51120
27-03-2015,1007.99480
26-03-2015,1007.75170
25-03-2015,1007.50870
24-03-2015,1007.27430
23-03-2015,1007.03990
22-03-2015,1006.80560
20-03-2015,1006.33680
19-03-2015,1006.10240
18-03-2015,1005.86810
17-03-2015,1005.63370
16-03-2015,1005.39060
15-03-2015,1005.15630
13-03-2015,1004.68750
12-03-2015,1004.45310
11-03-2015,1004.21880
10-03-2015,1003.98440
09-03-2015,1003.75000
08-03-2015,1003.51560
05-03-2015,1002.83850
04-03-2015,1002.61280
03-03-2015,1002.36980
02-03-2015,1002.13540
01-03-2015,1001.90970
27-02-2015,1007.53270
26-02-2015,1007.30600
25-02-2015,1007.07060
24-02-2015,1006.83520
23-02-2015,1006.59980
22-02-2015,1006.36440
20-02-2015,1005.91110
19-02-2015,1005.68440
18-02-2015,1005.44900
17-02-2015,1005.21360
16-02-2015,1004.97820
15-02-2015,1004.74280
13-02-2015,1004.27200
12-02-2015,1004.03660
11-02-2015,1003.80990
10-02-2015,1003.58330
09-02-2015,1003.35660
08-02-2015,1003.12990
06-02-2015,1002.67650
05-02-2015,1002.44990
04-02-2015,1002.22320
03-02-2015,1001.98780
02-02-2015,1001.75240
01-02-2015,1001.52570
30-01-2015,1009.84210
29-01-2015,1009.59650
28-01-2015,1009.35960
27-01-2015,1009.13160
26-01-2015,1008.89470
23-01-2015,1008.18420
22-01-2015,1007.95610
21-01-2015,1007.72810
20-01-2015,1007.49120
19-01-2015,1007.26320
18-01-2015,1007.03510
16-01-2015,1006.57890
15-01-2015,1006.35090
14-01-2015,1006.11400
13-01-2015,1005.87720
12-01-2015,1005.64040
11-01-2015,1005.41230
09-01-2015,1004.93860
08-01-2015,1004.71050
07-01-2015,1004.48250
06-01-2015,1004.25440
05-01-2015,1004.01750
04-01-2015,1003.78950
02-01-2015,1003.33330
01-01-2015,1003.10530
31-12-2014,1002.87720
30-12-2014,1002.62280
29-12-2014,1002.37720
28-12-2014,1002.14040
26-12-2014,1007.80620
25-12-2014,1007.60350
24-12-2014,1007.36560
23-12-2014,1007.12780
22-12-2014,1006.88990
21-12-2014,1006.65200
19-12-2014,1006.17620
18-12-2014,1005.93830
17-12-2014,1005.70040
16-12-2014,1005.46260
15-12-2014,1005.22470
14-12-2014,1004.99560
12-12-2014,1004.51980
11-12-2014,1004.29960
10-12-2014,1004.06170
09-12-2014,1003.83260
08-12-2014,1003.59470
07-12-2014,1003.36560
05-12-2014,1002.88990
04-12-2014,1002.67840
03-12-2014,1002.44930
02-12-2014,1002.21150
01-12-2014,1001.96640
30-11-2014,1001.73160
28-11-2014,1007.82340
27-11-2014,1007.60240
26-11-2014,1007.36490
25-11-2014,1007.13120
24-11-2014,1006.89460
23-11-2014,1006.66300
21-11-2014,1006.18530
20-11-2014,1005.96370
19-11-2014,1005.72990
18-11-2014,1005.49640
17-11-2014,1005.25520
16-11-2014,1005.02030
14-11-2014,1004.56210
13-11-2014,1004.32110
12-11-2014,1004.08990
11-11-2014,1003.85780
10-11-2014,1003.62250
09-11-2014,1003.38720
07-11-2014,1002.91740
06-11-2014,1002.67800
05-11-2014,1002.44480
04-11-2014,1002.20510
03-11-2014,1001.97220
02-11-2014,1001.72980
31-10-2014,1009.37700
30-10-2014,1009.12900
29-10-2014,1008.89180
28-10-2014,1008.65150
27-10-2014,1008.41310
26-10-2014,1008.16780
22-10-2014,1007.21920
21-10-2014,1006.98000
20-10-2014,1006.74310
19-10-2014,1006.50300
17-10-2014,1006.02120
16-10-2014,1005.78960
15-10-2014,1005.55020
14-10-2014,1005.30530
13-10-2014,1005.06370
12-10-2014,1004.82660
10-10-2014,1004.34580
09-10-2014,1004.10510
08-10-2014,1003.86460
07-10-2014,1003.61530
06-10-2014,1003.36600
01-10-2014,1002.11930
30-09-2014,1001.86110
29-09-2014,1001.61180
28-09-2014,1001.36240
26-09-2014,1009.83860
25-09-2014,1009.58740
24-09-2014,1009.34530
23-09-2014,1009.10310
22-09-2014,1008.86100
21-09-2014,1008.61880
19-09-2014,10.08040
18-09-2014,10.07790
17-09-2014,10.07550
16-09-2014,10.07310
15-09-2014,10.07070
14-09-2014,10.06820
12-09-2014,10.06340
11-09-2014,10.06100
10-09-2014,10.05860
09-09-2014,10.05610
08-09-2014,10.05370
07-09-2014,10.05130
05-09-2014,10.04650
04-09-2014,10.04400
03-09-2014,10.04160
02-09-2014,10.03920
01-09-2014,10.03680
31-08-2014,10.03430
28-08-2014,10.02710
27-08-2014,10.02480
26-08-2014,10.02230
25-08-2014,10.01980
24-08-2014,10.01740
22-08-2014,10.07950
21-08-2014,10.07710
20-08-2014,10.07480
19-08-2014,10.07240
18-08-2014,10.07000
14-08-2014,10.06060
13-08-2014,10.05830
12-08-2014,10.05590
11-08-2014,10.05350
10-08-2014,10.05120
08-08-2014,10.04630
07-08-2014,10.04390
06-08-2014,10.04150
05-08-2014,10.03900
04-08-2014,10.03660
03-08-2014,10.03420
01-08-2014,10.02930
31-07-2014,10.02690
30-07-2014,10.02440
29-07-2014,10.02200
28-07-2014,10.01960
27-07-2014,10.01730
25-07-2014,10.08010
24-07-2014,10.07780
23-07-2014,10.07530
22-07-2014,10.07290
21-07-2014,10.07050
20-07-2014,10.06810
18-07-2014,10.06320
17-07-2014,10.06080
16-07-2014,10.05820
15-07-2014,10.05580
14-07-2014,10.05330
13-07-2014,10.05110
11-07-2014,10.04620
10-07-2014,10.04380
09-07-2014,10.04160
08-07-2014,10.03910
07-07-2014,10.03670
06-07-2014,10.03420
04-07-2014,10.02930
03-07-2014,10.02680
02-07-2014,10.02450
01-07-2014,10.02220
30-06-2014,10.01980
29-06-2014,10.01750
27-06-2014,10.08200
26-06-2014,10.07960
25-06-2014,10.07720
24-06-2014,10.07480
23-06-2014,10.07250
22-06-2014,10.07000
20-06-2014,10.06510
19-06-2014,10.06260
18-06-2014,10.06010
17-06-2014,10.05750
16-06-2014,10.05510
15-06-2014,10.05250
13-06-2014,10.04740
12-06-2014,10.04500
11-06-2014,10.04250
10-06-2014,10.04000
09-06-2014,10.03750
08-06-2014,10.03500
06-06-2014,10.03000
05-06-2014,10.02750
04-06-2014,10.02490
03-06-2014,10.02240
02-06-2014,10.01990
01-06-2014,10.01740
30-05-2014,10.09600
29-05-2014,10.09350
28-05-2014,10.09100
27-05-2014,10.08850
26-05-2014,10.08610
25-05-2014,10.08360
23-05-2014,10.07840
22-05-2014,10.07590
21-05-2014,10.07350
20-05-2014,10.07090
19-05-2014,10.06840
18-05-2014,10.06590
16-05-2014,10.06090
15-05-2014,10.05850
14-05-2014,10.05600
13-05-2014,10.05340
12-05-2014,10.05090
11-05-2014,10.04850
09-05-2014,10.04330
08-05-2014,10.04080
07-05-2014,10.03830
06-05-2014,10.04000
05-05-2014,10.03750
04-05-2014,10.03500
02-05-2014,10.03010
01-05-2014,10.02760
30-04-2014,10.02510
29-04-2014,10.02260
28-04-2014,10.02010
27-04-2014,10.01770
25-04-2014,10.08540
24-04-2014,10.08290
23-04-2014,10.08040
22-04-2014,10.07790
21-04-2014,10.07540
20-04-2014,10.07290
17-04-2014,10.06530
16-04-2014,10.06280
15-04-2014,10.06030
14-04-2014,10.05780
11-04-2014,10.05030
10-04-2014,10.04780
09-04-2014,10.04520
08-04-2014,10.04280
07-04-2014,10.04020
06-04-2014,10.03750
04-04-2014,10.03250
03-04-2014,10.02980
02-04-2014,10.02710
01-04-2014,10.02450
28-03-2014,10.08750
27-03-2014,10.07660
26-03-2014,10.07350
25-03-2014,10.07090
24-03-2014,10.06840
23-03-2014,10.06550
21-03-2014,10.06020
20-03-2014,10.05750
19-03-2014,10.05480
18-03-2014,10.05220
17-03-2014,10.04960
14-03-2014,10.04180
13-03-2014,10.03930
12-03-2014,10.03680
11-03-2014,10.03420
10-03-2014,10.03170
09-03-2014,10.02920
07-03-2014,10.02410
06-03-2014,10.02170
05-03-2014,10.01920
04-03-2014,10.01680
03-03-2014,10.01440
02-03-2014,10.01200
28-02-2014,10.07470
27-02-2014,10.07230
26-02-2014,10.06980
25-02-2014,10.06740
24-02-2014,10.06500
23-02-2014,10.06250
21-02-2014,10.05770
20-02-2014,10.05530
19-02-2014,10.05280
18-02-2014,10.05040
17-02-2014,10.04790
16-02-2014,10.04550
14-02-2014,10.04070
13-02-2014,10.03830
12-02-2014,10.03580
11-02-2014,10.03340
10-02-2014,10.03100
09-02-2014,10.02860
07-02-2014,10.02380
06-02-2014,10.02140
05-02-2014,10.01900
04-02-2014,10.01660
03-02-2014,10.01430
02-02-2014,10.01190
31-01-2014,10.09450
30-01-2014,10.09220
29-01-2014,10.08980
28-01-2014,10.08730
27-01-2014,10.08490
26-01-2014,10.08230
24-01-2014,10.07750
23-01-2014,10.07500
22-01-2014,10.07260
21-01-2014,10.07010
20-01-2014,10.06750
19-01-2014,10.06510
17-01-2014,10.06000
16-01-2014,10.05760
15-01-2014,10.05510
14-01-2014,10.05260
13-01-2014,10.05010
12-01-2014,10.04760
10-01-2014,10.04260
09-01-2014,10.04010
08-01-2014,10.03760
07-01-2014,10.03520
06-01-2014,10.03260
05-01-2014,10.03020
03-01-2014,10.02510
02-01-2014,10.02260
01-01-2014,10.01990
31-12-2013,10.01730
30-12-2013,10.01460
29-12-2013,10.01210
27-12-2013,10.08040
26-12-2013,10.07790
25-12-2013,10.07530
24-12-2013,10.07280
23-12-2013,10.07030
22-12-2013,10.06780
20-12-2013,10.06290
19-12-2013,10.06040
18-12-2013,10.05790
17-12-2013,10.05540
16-12-2013,10.05290
15-12-2013,10.05040
13-12-2013,10.04550
12-12-2013,10.04310
11-12-2013,10.04050
10-12-2013,10.03800
09-12-2013,10.03550
08-12-2013,10.03290
06-12-2013,10.02800
05-12-2013,10.02570
04-12-2013,10.01990
03-12-2013,10.01730
02-12-2013,10.01470
01-12-2013,10.01210
29-11-2013,10.09830
28-11-2013,10.09580
27-11-2013,10.09320
26-11-2013,10.09070
25-11-2013,10.08810
24-11-2013,10.08560
22-11-2013,10.08060
21-11-2013,10.07810
20-11-2013,10.07560
19-11-2013,10.07300
18-11-2013,10.07040
17-11-2013,10.06780
14-11-2013,10.06010
13-11-2013,10.05750
12-11-2013,10.05490
11-11-2013,10.05230
10-11-2013,10.04970
08-11-2013,10.04460
07-11-2013,10.04200
06-11-2013,10.03940
05-11-2013,10.03670
04-11-2013,10.03400
01-11-2013,10.02620
31-10-2013,10.02360
30-10-2013,10.02080
29-10-2013,10.01810
28-10-2013,10.01520
27-10-2013,10.01250
25-10-2013,10.08590
24-10-2013,10.08320
23-10-2013,10.08040
22-10-2013,10.07760
21-10-2013,10.07480
20-10-2013,10.07220
18-10-2013,10.06680
17-10-2013,10.06410
16-10-2013,10.06140
15-10-2013,10.05860
14-10-2013,10.05580
13-10-2013,10.05310
11-10-2013,10.04720
10-10-2013,10.04490
09-10-2013,10.04200
08-10-2013,10.03880
07-10-2013,10.03520
06-10-2013,10.03220
04-10-2013,10.02670
03-10-2013,10.02380
02-10-2013,10.02080
01-10-2013,10.01810
30-09-2013,10.01510
29-09-2013,10.01160
27-09-2013,10.08900
26-09-2013,10.08600
25-09-2013,10.08310
24-09-2013,10.07980
23-09-2013,10.07700
22-09-2013,10.07410
20-09-2013,10.06860
19-09-2013,10.06550
18-09-2013,10.06230
17-09-2013,10.05910
16-09-2013,10.05600
15-09-2013,10.05290
13-09-2013,10.04710
12-09-2013,10.04420
11-09-2013,10.04130
10-09-2013,10.03830
09-09-2013,10.03540
06-09-2013,10.02640
05-09-2013,10.02340
04-09-2013,10.02010
03-09-2013,10.01700
02-09-2013,10.01400
01-09-2013,10.01110
30-08-2013,10.10200
29-08-2013,10.09890
28-08-2013,10.09580
27-08-2013,10.09280
26-08-2013,10.08980
25-08-2013,10.08690
23-08-2013,10.08130
22-08-2013,10.07850
21-08-2013,10.07550
20-08-2013,10.07260
19-08-2013,10.06970
18-08-2013,10.06680
16-08-2013,10.06100
15-08-2013,10.05810
14-08-2013,10.05530
13-08-2013,10.05250
12-08-2013,10.04960
11-08-2013,10.04960
08-08-2013,10.04210
07-08-2013,10.03920
06-08-2013,10.03630
05-08-2013,10.03350
04-08-2013,10.03060
02-08-2013,10.02460
01-08-2013,10.02160
31-07-2013,10.01860
30-07-2013,10.01560
29-07-2013,10.01270
28-07-2013,10.00990
26-07-2013,10.06010
25-07-2013,10.05760
24-07-2013,10.05610
23-07-2013,10.05550
22-07-2013,10.05360
21-07-2013,10.05110
19-07-2013,10.04600
18-07-2013,10.04210
17-07-2013,10.03810
16-07-2013,10.03390
15-07-2013,10.04650
14-07-2013,10.04420
12-07-2013,10.03950
11-07-2013,10.03720
10-07-2013,10.03500
09-07-2013,10.03250
08-07-2013,10.03020
07-07-2013,10.02790
05-07-2013,10.02340
04-07-2013,10.02100
03-07-2013,10.01850
02-07-2013,10.01600
01-07-2013,10.01290
28-06-2013,10.06910
27-06-2013,10.06660
26-06-2013,10.06420
25-06-2013,10.06200
24-06-2013,10.05970
23-06-2013,10.05750
21-06-2013,10.05300
20-06-2013,10.05060
19-06-2013,10.04840
18-06-2013,10.04600
17-06-2013,10.04380
16-06-2013,10.04160
14-06-2013,10.03710
13-06-2013,10.03470
12-06-2013,10.03250
11-06-2013,10.03030
10-06-2013,10.02810
09-06-2013,10.02570
07-06-2013,10.02100
06-06-2013,10.01870
05-06-2013,10.01630
04-06-2013,10.01410
03-06-2013,10.01170
02-06-2013,10.00940
31-05-2013,10.08850
30-05-2013,10.08620
29-05-2013,10.08380
28-05-2013,10.08150
27-05-2013,10.07910
26-05-2013,10.07670
24-05-2013,10.07220
23-05-2013,10.06990
22-05-2013,10.06760
21-05-2013,10.06520
20-05-2013,10.06280
19-05-2013,10.06050
17-05-2013,10.05600
16-05-2013,10.05350
15-05-2013,10.05100
14-05-2013,10.04860
13-05-2013,10.04610
12-05-2013,10.04360
10-05-2013,10.03890
09-05-2013,10.03640
08-05-2013,10.03400
07-05-2013,10.03160
06-05-2013,10.02920
05-05-2013,10.02680
03-05-2013,10.02210
02-05-2013,10.01960
01-05-2013,10.01710
30-04-2013,10.01480
29-04-2013,10.01230
28-04-2013,10.00990
26-04-2013,10.07910
25-04-2013,10.07660
24-04-2013,10.07400
23-04-2013,10.07150
22-04-2013,10.06900
21-04-2013,10.06650
18-04-2013,10.05930
17-04-2013,10.05690
16-04-2013,10.05450
15-04-2013,10.05220
14-04-2013,10.04980
12-04-2013,10.04490
11-04-2013,10.04240
10-04-2013,10.03980
09-04-2013,10.03730
08-04-2013,10.03480
07-04-2013,10.03220
05-04-2013,10.02740
04-04-2013,10.02460
03-04-2013,10.02190
02-04-2013,10.01880
01-04-2013,10.01490
28-03-2013,10.08580
27-03-2013,10.08250
26-03-2013,10.08000
25-03-2013,10.07750
24-03-2013,10.07460
22-03-2013,10.06950
21-03-2013,10.06690
20-03-2013,10.06450
19-03-2013,10.06190
18-03-2013,10.05940
17-03-2013,10.05700
15-03-2013,10.05200
14-03-2013,10.04950
13-03-2013,10.04700
12-03-2013,10.04450
11-03-2013,10.04210
10-03-2013,10.03960
08-03-2013,10.03480
07-03-2013,10.03240
06-03-2013,10.03000
05-03-2013,10.02760
04-03-2013,10.02520
03-03-2013,10.02280
01-03-2013,10.01800
28-02-2013,10.01560
27-02-2013,10.01320
26-02-2013,10.01080
25-02-2013,10.00830
24-02-2013,10.00590
22-02-2013,10.07100
21-02-2013,10.06860
20-02-2013,10.06620
19-02-2013,10.06390
18-02-2013,10.06140
17-02-2013,10.05890
15-02-2013,10.05390
14-02-2013,10.05160
13-02-2013,10.04930
12-02-2013,10.04690
11-02-2013,10.04440
10-02-2013,10.04190
08-02-2013,10.03690
07-02-2013,10.03440
06-02-2013,10.03190
05-02-2013,10.02940
04-02-2013,10.02700
